Vendor, Category, Item, Item Description, Price, Origin, Destination, Rating, Remarks
CheapPayTV,Services/Hacking,12 Month HuluPlus gift Code,12-Month HuluPlus Codes for $25. They are worth $95. They will be sent to you within 1 day. Most within a hour or two,0.05027025666666667 BTC,Torland,,4.96/5,
CheapPayTV,Services/Hacking,Pay TV Sky UK  Sky Germany HD TV  and much more.. CCcam Service 12 Months,Hi we offer a World Wide CCcam  Service for Enigma 2 devices! 12 Months 75$   Following Satellites are available: SKY UK Sky Germany HD   Sky italia HD  Cyfra HD  Nova HD  Polsat HD  Euros ...,0.152419585 BTC,Torland,,4.96/5,
KryptykOG,Services/Hacking,OFFICIAL Account Creator Extreme 4.2,Tagged Submission Fix Bebo Submission Fix Adjustments To Inbox.com Submission Linkedin Now Saves Email Fixed Typo Fixed Task Manager Form Issue  Features- Automatically Creates Accounts On 20 ...,0.007000000000000005 BTC,Torland,,4.93/5,
cyberzen,Services/Hacking,VPN > TOR > SOCK TUTORIAL,How to setup a VPN > TOR > SOCK super safe encrypted connection.,0.019016783532494728 BTC,,,4.89/5,
businessdude,Services/Hacking,Facebook hacking guide,.  This guide will teach you how to hack Facebook accounts of (your ex/friends/foe etc.) in a fast way! with practically useful methods. Perfect for those new to this field. Straight forward and to ...,0.062018073963963936 BTC,Torland,,4.88/5,
Hackyboy,Services/Hacking,DDOS ATTACK SERVICE,New service available : Take down all websites you want : Skype accounts  Minecraft servers  xbox game servers... and many more... (not biggest websites like Facebook  Google  ... you understand why. ...,0.030109432452830192 BTC,Torland,,4.92/5,
businessdude,Services/Hacking,ATM HACKING TUTORIAL,Step by Step guide and Manuals to hack ATMs    Gain access to Tranax and Triton Atm`s in seconds. This is a very simple process.  These Atm`s can be found all over the world in Arcades/Malls  Gen ...,0.03317625980769233 BTC,,,4.88/5,
CheapPayTV,Services/Hacking,CALL/SMS verification service!,Need to register an account with sms verification? need sms or phone verification for something else? Contact me!  No physical products needed no burner sim no burner phone! The standard listing  ...,0.012616985714285715 BTC,Torland,,4.96/5,
toysoldiers,Services/Hacking,Mac & windows address changer,- Comes with complete database to randomly choose from.  - change device ID individually and complete Mac ID.   - user friendly interface.  - A must for all Mac users supports on all Mac OS.   ...,0.009335870999999999 BTC,Torland,,4.94/5,
cyberzen,Services/Hacking,WiFi Hacking,-Hacking WEP/WPA/WPA2  the glory of WPS -Hacking WPA Wifi Password In BackTrack -Crack Wireless PASSWORDS with Net Tool's 5  I do not support or encourage any illegal activity. The info & items y ...,0.027091319209809266 BTC,,,4.89/5,
CheapPayTV,Services/Hacking,PayTV via Internet. HD IPTV Box+ 12 month subscription,Ready to go HD IPTV Box. a 12 month subscription of PayTV is included. After the 12 Month you have to buy a new subscription 12 Month: 180$ 6 Month: 100$ 1 Month: 20$  Folowing channels are in ...,0.9631782333333335 BTC,Torland,,4.96/5,
passman,Services/Hacking,How To Setup a Botnet Guide,How To Setup a Botnet Guide,0.06685161562500003 BTC,,,4.946/5,
brulz8,Services/Hacking,Proxy Software + login 250 proxies for 30 days 39$,With this listings i will provide you software + username and logincode wich you can use for 30 days or 250 diffrent proxies within the 30 days.  vendors thread http://i25c62nvu4cgeqyz.onion/viewt ...,0.09184289935483873 BTC,World,,5.00/5,
starlight,Services/Hacking,Credit Card Info with CVV/CVV2,I will provide you with credit card information on one account holder including:  Number Type Expiry Date CVV/CVV2 Name Address  Specify a country you want (very likely) the card to be from  ...,0.06070560181318679 BTC,Internet,,4.88/5,
CheapPayTV,Services/Hacking,Pay TV Sky UK  Sky Germany HD TV  and much more..CCcam Service 1 Day Test Account,Hi we offer a World Wide CCcam  Service for Enigma 2 devices! 1 Day Trial 2 5$   Following Satellites are available: SKY UK Sky Germany HD   Sky italia HD  Cyfra HD  Nova HD  Polsat HD  Eu ...,0.0044475525 BTC,Torland,,4.96/5,
CheapPayTV,Services/Hacking,Looking for Pay TV ( IPTV CCcam) Reseller,Hi   we are lokking for Reseller for our CCca  amd IP TV Service. We can Provide this service in every Contry. If you need a second annonymous income please Contact us!!!  Following Satellites  ...,1e-06 BTC,Torland,,4.96/5,
passman,Services/Hacking,150+ Hacking Ebooks Collection,As it says in the title 150+ ebooks collection on hacking. Perfectly suitable for beginners as well as advanced hackers.  These are some of the titles included in the collection:  A Beginners Gu ...,0.031019998515625022 BTC,,,4.946/5,
keydemon,Services/Hacking,MASTERKEY X-TREME-AUS,MASTERKEY EXTREME-TO OPEN MAILBOXES/LETTERBOXES/FILING CABINETS/LOCKERS/DESK DRAWERS & DISPLAY CASES-SUNGLASSES WATCHES JEWELLERY..   THIS SWEET LITTLE PIECE OF HARDWARE  WILL OPEN MOST SINGLE/DOU ...,0.14601129777777777 BTC,Australia,AUSTRALIA,5.00/5,
CheapPayTV,Services/Hacking,Ready to run HD Receiver for PayTV.. 12 Month´s included,You will get a HD Receiver with 12 Month Pay TV included. You can choose your PayTV. After 12 Month´s it will cost you 85€ a year..  You need a Satelite Antenna and Internet.,0.6434593633333333 BTC,Torland,,4.96/5,
cyberzen,Services/Hacking,All Silk Road's and Agora's Money Making Methods & Guides,This will include all of my and other Silk Road's and Agora's vendors methods.  With this listing you get all the Money Making methods that you can see on SR  for unbeatable price.  Over 50 guide ...,0.15973443198511175 BTC,,,4.89/5,
cyberzen,Services/Hacking,Cookies  Flash Cookies  Paypal  eBay Cleaner - Just one click,A software to clean your browser from unwanted cookies  flash cookies  from paypal  ebay etc. A must have tool  just click and your browser will be clean...,0.013322217030411438 BTC,,,4.89/5,
passman,Services/Hacking,ANONYMITY TESTING SERVICE,ANONYMITY TESTING SERVICE,0.016132880080645152 BTC,,,4.946/5,
cyberzen,Services/Hacking,BYPASS ANY SMS PHONE VERIFICATION EASY WITHOUT SIM CARD,BYPASS ANY SMS PHONE VERIFICATION EASY WITHOUT SIM CARD.,0.011546898071278814 BTC,,,4.89/5,
cyberzen,Services/Hacking,Learn How to Be 100% Anonymous,Be completely anonymous  leave no traces. This is a must for some people as it covers all you need to stay anonymous on the internet and live free. This is the best and only guide you will ever need.,0.015843487066115707 BTC,,,4.89/5,
KryptykOG,Services/Hacking,Carding CC + PAYPAL Tutorial,Best carding tutorial for beginners,0.016000000000000007 BTC,Internet,,4.93/5,
cyberzen,Services/Hacking,How I Make $25 in 10 Minutes A Day,How I Make $25 in 10 Minutes A Day with Referrals  100% working and unsaturated. Noob friendly. Easy work. 10 minutes max a day.  100% legal (whitehat) as my other methods.,0.027330650261096618 BTC,,,4.89/5,
businessdude,Services/Hacking,Easy PayPal/CVV cashout guide,Everybody wants to know how to cash out. Well  that is easy  the hard part is getting away with it. Any fucking moron can rob a bank  but it takes a genius to do it time and time again while leaving  ...,0.016385806198347102 BTC,,,4.88/5,
cyberzen,Services/Hacking,A MAC ADDRESS CHANGER SOFTWARE FOR MAC OS,CHANGE YOUR MAC ADRESS BECAUSE MANY OF THE SITES WILL IDENTIFY YOUR COMPUTER WITH YOUR MAC ADRESS.  SO THIS IS ONE OF THE BEST SOFTWARE YOU NEED:  MAC ADRESS CHANGER FOR MAC OS SOFTWARE  SET UP   ...,0.008993971932938851 BTC,,,4.89/5,
CheapPayTV,Services/Hacking,Netflix Account ..,Selling NetFlix accounts!  Price per 1 account  comes with 1 month warranty!  FAQ: Are they cracked accounts? - Yes  they are cracked  so you are sharing this account with original owner too.  ...,0.006621300000000001 BTC,Torland,,4.96/5,
livinglarge,Services/Other,custom 2nd hotel+flight,penthouse suite las vegas + 5 roundtrips,6.895965219913043 BTC,,,5.00/5,Average price may be skewed outliar > .5 BTC found
namedeclined,Services/Other,♔ Express Processing - Your Order Processed 1st ♔,This listing is designed to be bough along with any of my other items. This gets your order process first before all the others. This can be used on both physical ship items and digital items. I proc ...,0.13610980024096386 BTC,USA,Worldwide,4.47/5,
Rambe,Services/Other,SSN from United States of America,SSN from United States of America  What you will receive  SSN Firstname Gender Lastname Address(street city state zip)   If you have more question send me a message,0.022164539000000004 BTC,,,4.58/5,
RastainPeace,Services/Other,KEYCHAIN STEALTH JACKNIFE,An exquisitely crafted jackknife with 5 picks that effortlessly fold away.    Contains 5 picks of mixed hook and rake picks. Tensor included as well     Great piece for lockpickers and thi ...,0.25991088814814817 BTC,EU,,4.94/5,
optiman,Services/Other,Instagram Followers - The easy way to get famous,Does your friend has more followers then you? have you ever posted a photo and got a small amount of likes or comments ? Do you want to become popular?  Do you want all of your friends and family  ...,0.048202381603773575 BTC,Internet,Instagram,5.00/5,
cyberzen,Services/Other,Insider's Forex Trading Signals (Make Thousands of $$$'s DAILY  from my 20 yr Daytrader),Trading Signals from my Professional Broker from one of my Binary Options networks....  I had to deposit $10 000 in order to start receiving these signals from them!  This guy has made me thousan ...,2.569571838605444 BTC,,,4.89/5,Average price may be skewed outliar > .5 BTC found
shopstungun,Services/Other,pass PTT T10  F10 et Q10 french postman,je vend pour 20euros piece frais de port compris les clés pass partout de postiers :   Passes PTT T10 F10 Q10   Envoi rapide  livraison (3 à 4 jours ouvrés)  T10 (immeuble) : Debloque les po ...,0.07835669316666667 BTC,France,,3~5 deals,
Aracay,Services/Other,Any Vehicle Ownership Information - (Spain Only),1. You give us any Spanish vehicle registration number. 2. We obtain full information about: Current Registered Owner Of The Vehicle Home/Business Address Of Registered Owner  Email Address (If A ...,0.2170974995454545 BTC,Torland,,~5/5,
sexyhomer,Services/Other,500 High Quality Real Facebook Likes!just 4 dollar!,VIA PM - WILL ARRIVE WITHIN 24-48 hours !!,0.010293339714285712 BTC,,,~5/5,
sexyhomer,Services/Other,50000 facebook likes!,ID from different nationalities  if you want more  please purchase more  I am currently supports up to 100000 ID.  VIA PM - WILL ARRIVE WITHIN 24-48 hours !!,0.8205866628571429 BTC,,,~5/5,
HellMaker,Services/Other,Semi-clean PayPal transfers up to $9999,I am offering Semi-clean PayPal transfers up to $9999  This auctions is for $3k transferred to any PayPal account you will provide  I will make a transfer 2-5 days max  It will cost you 35% fro ...,2.3085868612499993 BTC,,,4.43/5,Average price may be skewed outliar > .5 BTC found
HellMaker,Services/Other,I will teach how to thief stuff -  INDIVIDUAL TRAINING,I will teach how to thief stuff - 100% WORKING INFO - this individual training   This is great guide how to card anything you want (>$1000) and you will grow your stuff price after some time and p ...,6.444885268043479 BTC,Internet,,4.43/5,Average price may be skewed outliar > .5 BTC found
Bettingescrow,Services/Other,nba playoff  pick,nba pick of the night  all you need is  betting account anywhere..  you buy the pick and i send the pick right over then all you have to do is bet exactly what i tell you ;),0.02323797444444444 BTC,,,4.83/5,
globalmethods,Services/Other,Order Addon - Super Stealth Packing,For what ever reason you may feel you need extra stealth  maybe delivering to your work  or have a nosey spouse. Whatever your reason we can step up the stealth so you won't even find it without our  ...,0.06 BTC,UK,,5.00/5,
cyberzen,Services/Other,Anonymous Instant Messenger Guide [ICQ  Jabber  Torchat],Anonymous Instant Messenger Guide [ICQ  Jabber  Torchat]  EASY  NOOB FRIENDLY.  Setting up instant messenger services anonymously through ICQ  Jabber and Torchat.,0.012948344219409283 BTC,,,4.89/5,
livinglarge,Services/Other,Request eBay Service,You have to buy this listing in order to use my eBay Service. This is so that I know you have money  and I wont be wasting my time answering your questions. I was on Tormarket with over 300+ feedback ...,0.08489683466666667 BTC,,,5.00/5,
DoctorNick,Services/Other,USPS Tracking Add-On for Domestic Orders,This is an addon item for customers buying my Suboxone listings  making the package trackable (tracking will not be provided until over 7 days late on my projected delivery window)  If you like you ...,0.005042591294117647 BTC,USA,,4.94/5,
5588,Services/Other,PRIORITY MAIL EXPRESS SHIPPING LABEL 11-B,THIS AUCTION IS FOR 50 PRIORITY EXPRESS SHIPPING LABELS  If you have less than 5 feedback you must FE. If this is your first time ordering from me then you must FE.   Shipping is free priority m ...,0.07622781112499996 BTC,USA,,5.00/5,
canadasunshine,Services/Other,Torguard VPN Service,I am a reseller of VPN Services. This is for 1 Year of Service  you will get a username and password to run the VPN. Can be used to hide your IP Address  change it to over 20 countries in the world  ...,0.08137048875 BTC,,,4.96/5,
cyberzen,Services/Other,How to Hide Anything,Book Name: How to hide Anything By: Michael Connor Press: Paladin Press Pages: 111 Language: English Format: PDF  With little effort and expense  you can hide cash  armaments and even family f ...,0.013575896815286608 BTC,,,4.89/5,
DoctorNick,Services/Other,Decoy first class letter - business letter,This is a simple service  a phony business letter  form  or other correspondence will be sent to the address of your choice. The correspondence will not be customizable and will be a random form or l ...,0.020597182772277227 BTC,USA,,4.94/5,
canadasunshine,Services/Other,Now Hiring in US/Canada,Update July 6 - was locked out of my account since June 28  but back in now. if this site is down you can always order through Andromeda Market at  http://andromedam363aux.onion/profile.php?id=sunsh ...,9.7106875e-05 BTC,Canada,,4.96/5,
starlight,Services/Other,REAL Genuine USA Identity Set Guide,In this comprehensive guide it is explained how to navigate the ridiculous bureaucracy of the US to acquire a NEW identity which will be registered in all databases. This does not involve using a dec ...,0.2614872275890993 BTC,,,4.88/5,
fake,Services/Other,WORLDWIDE SIM CARDS,This is a guide  i will tell you where to buy sim cards of following countries:  Sim cards for the Bahamas Sim cards for Cayman Islands Sim cards for Croatia Sim cards for Hong Kong Sim cards f ...,0.029154719499999995 BTC,,,4.782/5,
passman,Services/Other,BANK DROP ONLY 20% FEE,⚜BANK DROP ONLY 20% FEE⚜  ⚜HOW THIS WORKS⚜ ► PM me why you need the bank drop. We will agree on terms. ► I will send you full bank account details and you deposit money to that account. ► After  ...,0.17451414702064885 BTC,,,4.946/5,
passman,Services/Other,(Must Have For ALL Tor Users) Anonymous VPN Software  30 Days Subscription,"ARE YOU USING TOR WITHOUT A VPN? IF YOUR ANSWER IS ""YES"" THEN YOU ARE DOING A BIG MISTAKE!! PLEASE READ EVERYTHING CAREFULLY.  VPN is a very important piece of the puzzle when it comes to online se ...",0.1750646650224214 BTC,,,4.946/5,
cyberzen,Services/Other,How To Set Up A PGP Key Easily [Images Included],In this guide I will teach you (images included) how to set up a PGP key. PGP is the way to communicate anonymously.,0.01088595654101995 BTC,,,4.89/5,
businessdude,Services/Other,Car theory test in Holland (CBR),We have a connection with high positions people in Holland who can help you to pass the car theory test! If you plan to live in the Netherlands and you do not speak the language? Don't worry! success ...,0.1667905843396227 BTC,,,4.88/5,
cyberzen,Services/Other,Become an expert in making small talks,This listing is for the best ebook on making small talks (especially with the opposite sex) and keeping the conversation flowing in the direction you want it to go.  Small talks are very necessary ...,0.01166367537373737 BTC,,,4.89/5,
DoctorNick,Services/Other,Decoy first class letter - plain letter,This is a simple service  a single plain letter or card will be sent to the address of your choice. There may or may not be some sort of correspondence on the inside  most of the time they will just  ...,0.019640520200000008 BTC,USA,,4.94/5,
ucard,Services/Other,✆PRIVATE CONSULTIN: SE~CARDIN~ATO~SECURITY~PTo~WARRANTY FRAUD✆,Alpha02 TCF moderator and reputed member now offerin private consultation.   If you want time for you to learn ask questions get accurate replies and information  and gettin better at this simply  ...,0.37471873966666663 BTC,World,,5.00/5,
cyberzen,Services/Other,Disappear and Live Free Forever,[Guide] Disappear and Live Free Forever,0.01403446615999999 BTC,,,4.89/5,
fake,Services/Other,Videopusher - 50000 FREE views a day for your video !!,the best software to make more then 50000 FREE views a day for your videos  the retail price of this software is : 1000 Euro   but you pay only 50 usd buying from me  http://www.video-pusher.com/ ...,0.16428850271186443 BTC,,,4.782/5,
Hackyboy,Services/Other,Hacked PP 2K usd balance - CC + Bank attach,HACKED US PAYPAL ACCOUNTS VERIFIED 2K USD BALANCE.  CC + BANK ATTACH DELIVERY FOR FREE WITH ACCOUNT   DELIVERY INFORMATION :  - username - Password - complete name - complete adress - bala ...,1.0255175018518514 BTC,Torland,,4.92/5,
cyberzen,Services/Other,How to Make Her Want Anal Sex + Anal Sex Guide,How to Make Her Want Anal Sex + Anal Sex Guide.,0.013616163684210512 BTC,,,4.89/5,
cyberzen,Services/Other,50 Things You're Not Supposed To Know,50 Things You're Not Supposed To Know.  Very interesting and eye-opening read.,0.008677436570155905 BTC,,,4.89/5,
livinglarge,Services/Other,Request Custom Flight Booking,You have to buy this listing in order to book a flight. This is so that I know you have money  and I wont be wasting my time answering your questions. I was on Tormarket with over 300+ feedback  if t ...,0.06816768030534354 BTC,Internet,,5.00/5,
cyberzen,Services/Other,Increase Sperm Count NATURALLY,Increase Sperm Count NATURALLY. Very important guide.,0.013832123249475883 BTC,,,4.89/5,
fake,Services/Other,SOCKS5 PROXIES + SOFTWARE  10 DAYS (90 PROXIES),I'LL GIVE YOU AN EASY TO USE SOFTWARE THAT WILL MAKE YOU ABLE TO USE 90 SOCKS5 PROXYES FROM ANY COUNTRY FOR 10 DAYS.  GET 1 MONTH 250 PROXIES CHEAP HERE: http://k5zq47j6wd3wdvjq.onion/listing/1002 ...,0.0979492737719298 BTC,,,4.782/5,
echo,Services/Other,High quality PLA 3D prints by echo,I will anonymously 3D print anything for you with my handbuilt high resolution 3D printer. This printer uses a .35 mm nozzle with a .2 mm layer height  and produces strong  smooth prints every time.  ...,0.005307105 BTC,,,5.00/5,
PerfectScans,Services/Other,Anon Banking 600 000USD PA Limit Anon Load/Cashout ATM Card,PerfectScans are at it once again  bringing the light so bright this time  even sunglasses won't help you.  How do we do it ?  Simple really  we are just plan damn awesome and all come from a ver ...,6.120791421999999 BTC,,,~5/5,Average price may be skewed outliar > .5 BTC found
Lovebomb,Services/Other,Pandora Market Activated Vendor Accounts-HALF PRICE!,So  as many people know  Pandora charges an arm and a leg for vending accounts- 1 whole bitcoin! We got a handful of accounts for a business plan which we never followed through on  and we currently  ...,0.5 BTC,Internet,,~2/5,
NW-Nugz,Services/Other,$10 extra service or custom price adjuster,Buy this to send $10 to NW Nugz for whatever reason you may have. These will be marked shipped if we think we know why you ordered it.  This item allows custom payments for various purposes.  Examp ...,0.033981249423076926 BTC,USA,,~5/5,
missgreen,Services/Other,International Dummy letter,If you want a dummy letter just add in the comment box if you can organic materials in it or just a letter/b-day card etc.   Easy to see if you mail will be opened or if you address is flagged.,0.02230102121212121 BTC,Netherlands,,5.00/5,
hot-potato,Services/Other,Private Courier,Private anonymous courier service - Victoria and SA (Australia) but other areas considered.  I am a driver and owner of a business allowing totally private travel arrangements for:   *  Documents ...,0.46686564199999997 BTC,Australia,Australia,~5/5,
optiman,Services/Other,Facebook Followers - The easy way to get famous,Does your friend has more followers then you? have you ever posted a photo and got a small amount of Likes  while your friend are getting plenty of likes? Do you want to become popular? Do you wan ...,0.05454192802083332 BTC,Internet,Facebook,5.00/5,
cyberzen,Services/Other,[Paypal] How to keep your Paypal active and avoid risking closure,A Guaranteed System to Ensure your Paypal Account is Never Restricted,0.023012356284246565 BTC,,,4.89/5,
RastainPeace,Services/Other,Padlocks opener,4 Piece Comb Pick Set   they can open padlocks within seconds.  This pack comes with a variety of comb picks to serve a variety of different pinned padlocks.    Unlock a Padlock within 5 secon ...,0.08663656703703705 BTC,EU,,4.94/5,
RastainPeace,Services/Other,Fire brigade masterkeys set,Useful for the tool box for unlocking and gaining access to communal gates and storage areas.,0.14439493537037032 BTC,World,,4.94/5,
DutchDeal,Services/Other,Tracking Service with Signature.,Tracking Service with Signature when you want tracking.  DD.,0.0682429440909091 BTC,Torland,,5.00/5,
optiman,Services/Other,YouTube Likes - BE FAMOUS!,Have you ever uploaded a video to YouTube? It's hard to get like  right? If you aren't famous or some public figure you won't get likes easily.   Have you ever came across some not interesting vid ...,0.08689774285714288 BTC,Internet,YouTube,5.00/5,
optiman,Services/Other,Sound Plays - Get Famous!!,Have you ever uploaded your music to SoundCloud? It's hard to get plays  right? If you aren't famous or some public figure you won't get plays easily. Have you ever came across some shitty music o ...,0.030254669999999997 BTC,Internet,SoundCloud,5.00/5,
livinglarge,Services/Other,huckle hotel booking,$989 ,3.4373986350980394 BTC,,,5.00/5,Average price may be skewed outliar > .5 BTC found
livinglarge,Services/Other,PayPal & eBay Cashout Coaching Session,THIS IS THE BEST INVESTMENT YOU WILL EVER DO IN THE UNDERGROUND SCENE  PERIOD. THE AMOUNT YOU SPEND ON BUYING THIS  YOU WILL MAKE BACK WITHIN A MONTH IF YOU HAVE MULTIPLE COURIERS  OR TWO MONTHS BY D ...,18.844024249955158 BTC,,,5.00/5,Average price may be skewed outliar > .5 BTC found
optiman,Services/Other,Have something to sell? got an idea?,Got an idea to make money? have something to sell? Pm us.  Best wishes  Optiman,4564.0 BTC,Torland,,5.00/5,
cyberzen,Services/Other,Free VPN For Windows  Mac & Linux,I have used over 20 VPN services over the years.  After purchase I will send you a free VPN  compatible with Windows  Mac and Linux.   Socks5  Proxy  IP,0.014896781511627903 BTC,,,4.89/5,
optiman,Services/Other,Our hot girl will write on her boobs anything you want!,This is a very special listing! tell us what you want her to write on her breast and she will take a pic! The listing photo is real and it is her actual breast. She will write any message on her bo ...,0.06882997647619046 BTC,Swaziland,Worldwide,5.00/5,
optiman,Services/Other,Twitter ReTweets - The easy way to get famous!,Does your friend has more ReTweets then you? have you ever posted a photo or a post and got a small amount of favorite  re-tweets or comments ? Do you want to become popular? Do you want all of yo ...,0.2433094074285714 BTC,Internet,Twitter,5.00/5,
mssource,Services/Other,EXPRESS MAIL SERVICE...!!,PLZ ALWAYS READ MAIN PROFILE BEFORE ORDER ********************************************************************    THIS LISTING IS FOR ADD EXPRESS SHIPPING TO YOUR ORDER IF YOU HAVE FORGETT TO A ...,0.1461421624137931 BTC,World,WORLDWIDE,4.95/5,
RastainPeace,Services/Other,CC lockpick kit,Credit Card Lock Pick  This is a new credit card pick set! It contains 4 of the finest stainless steel picks ever made  and a double-ended tension tool of .035 spring stainless steel. There are 3  ...,0.07219713833333331 BTC,World,worldwide,4.94/5,
DrWhite,Services/Other,DrWhite's Darknet Computer Consulting Service,Darknet Security Consulting $30/hour  Get trained in computer/darknet use in the safety and convenience of Torchat!  I have a computer consulting background with a 3+ year expertise in darknet se ...,0.10058318284482756 BTC,World,,5.00/5,
livinglarge,Services/Other,tubbymora hotel booking,$712 ,1.421803304705883 BTC,,,5.00/5,
5588,Services/Other,Priority Mail Shipping,This Auction/Listing is for the people that have not paid for shipping  Please buy this item which is 0.00 and click on priority mail shipping  Thank you.,0.0030036805681818183 BTC,USA,,5.00/5,
Hackyboy,Services/Other,How to use socks,How to setting up a proxy server to work with you'r browser,0.02700468366666666 BTC,Torland,,4.92/5,
Gotmilk,Services/Other,uk reshipping,extra fees for uk re-ship too EU or hard to import countries,0.10575466394957979 BTC,,,4.74/5,
Hackyboy,Services/Other,French Facebook account + mail access,Facebook account + mail access (mail + password)    Only french accounts for moment    All accounts are checked manually before ship it,0.0754231732142857 BTC,Torland,,4.92/5,
RastainPeace,Services/Other,10 PIECES MASTERKEY BUNDLE,A great selection of high quality master keys which will open a large range of      -  lockers     - filing cabinets     -  desk drawers     - other similiar locks,0.433534079245283 BTC,Torland,worldwide,4.94/5,
optiman,Services/Other,NETFLIX - Lifetime account for only 6$ !,The account is for LIFETIME ! If something went wrong and the the account ran out we guarantee to give you a new one. The real prices for Netflix are 7.99$/per month We are offering 6$ for lifetim ...,0.012310528571428572 BTC,Torland,Worldwide,5.00/5,
cyberzen,Services/Other,Cum on Camera With Hot Chicks,My methods are designed for both “real life” and online situations. At first  I didn’t want anyone to know my secret ways and methods  but seeing how powerful and effective they are  it would be a  ...,0.013841480249999996 BTC,,,4.89/5,
cyberzen,Services/Other,Firefox Setup For Extreme Privacy,Firefox Setup For Extreme Privacy.,0.014117624289617482 BTC,,,4.89/5,
fake,Services/Other,TOP USA CREDIT PROFILES SSN DOB PHONE ETC..,i will send you an email contact of a trusted vendor. I will tell you where hackers obtain sensitive information on US residents with excellent credit (740+). These informations will allow you to i ...,0.04909790897435895 BTC,,,4.782/5,
cyberzen,Services/Other,Tactics and Techniques for Bypassing Alarms and Defeating Lock,Tactics and Techniques for Bypassing Alarms and Defeating Lock  .pdf,0.013523269658119653 BTC,,,4.89/5,
cyberzen,Services/Other,[Android] Security And Anonimity,ANDROID SECURITY AND ANONYMITY PACK TUTORIAL + APPS,0.014028025043103428 BTC,,,4.89/5,
cyberzen,Services/Other,TOP VPN LIST that don't keep logs,*TOP 5 VPN FOR WINDOWS *TOP 5 VPN FOR LINUX (HOW TO SET UP) *TOP 5 VPN FOR IPHONE (AND HOW TO SETUP) *TOP 5 VPN FOR ANDROID (HOW TO SET UP GUIDE *TOP 5 VPN LOG LESS *TOP 5 FREE VPN  That accep ...,0.019095211279999996 BTC,,,4.89/5,
DoctorNick,Services/Other,Customizable decoy letter or package sent from USA,This is a customizable piece of mail  form  letter or correspondence of your choice. Whether it be a love letter  a doctor's office reminder  a decoy including empty baggies or inert powders or to ot ...,0.04599238714285711 BTC,USA,Worldwide,4.94/5,
DoctorNick,Services/Other,Decoy first class letter - plain letter mailed from Canada,This is a simple service  a single plain letter or card will be sent to the address of your choice. There may or may not be some sort of correspondence on the inside  most of the time they will just  ...,0.018768916874999996 BTC,Canada,Worldwide,4.94/5,
passman,Services/Other,(Must Have For ALL Tor Users) Anonymous VPN Software  9 Days Subscription,"ARE YOU USING TOR WITHOUT A VPN? IF YOUR ANSWER IS ""YES"" THEN YOU ARE DOING A BIG MISTAKE!! PLEASE READ EVERYTHING CAREFULLY.  VPN is a very important piece of the puzzle when it comes to online se ...",0.06982058683257925 BTC,,,4.946/5,
fake,Services/Other,ANONYMOUS PHONE NUMBER WITH VOICEMAIL,I will give you an anonymous private phone number and voicemail.  All you need is an email address to set up the account.  People can call your number  leave a message  and it will be delivered t ...,0.040528363333333366 BTC,,,4.782/5,
cyberzen,Services/Other,How I have made 100's of dollars over a week,How I have made 100's of dollars over a week  This does NOT involve:  PPD Refferals CPA Investments Phones SEO Youtube Blackmailing Adsense Craigslist BTC Ewhoring  FAQ:  Q: How mu ...,0.024461116302521006 BTC,,,4.89/5,
cyberzen,Services/Other,TOP 120 Onion and Underground Websites,I discovered Tor 2 years ago and ever since I have found many interesting websites of all kinds. I have gathered all and made a list with the very top 120 of them.  I do not support or encourage an ...,0.025531372499999972 BTC,,,4.89/5,
cyberzen,Services/Other,Money Making ebook Collection,Money Making ebook collection  A large ebook collection on making money online legally without any  investment.  150+ ebooks and tutorials.,0.21166684268929498 BTC,,,4.89/5,
DoctorNick,Services/Other,Decoy first class letter - plain letter mailed from UK,This is a simple service  a single plain letter or card will be sent to the address of your choice. There may or may not be some sort of correspondence on the inside  most of the time they will just  ...,0.014086922500000001 BTC,UK,Worldwide,4.94/5,
brulz8,Services/Other,Anonymous SIM card,Anonymous polish SIM card. SHIPS SAME DAY ON WEEKDAYS!!! vendors thread http://i25c62nvu4cgeqyz.onion/viewtopic.php?id=1647 verify your account anonymously!!! Can be used worldwide. Easy reload ...,0.034750052000000003 BTC,World,,5.00/5,
cyberzen,Services/Other,[ANDROID] Phone vip72 SOCKS + TOR Tutorial,How To Use ANDROID phone vip72 SOCKS + TOR tutorial,0.013465729411764691 BTC,,,4.89/5,
livinglarge,Services/Other,Request Custom Hotel Booking,You have to buy this listing in order to book a stay. This is so that I know you have money  and I wont be wasting my time answering your questions. I was on Tormarket with over 300+ feedback  if tha ...,0.06775015056603773 BTC,Internet,,5.00/5,
cyberzen,Services/Other,[SOCKS5 Finder] Proxy Scanner Proxy For Windows,[SOCKS5 Finder] Proxy Scanner Proxy For Windows,0.014148491445182699 BTC,,,4.89/5,
echo,Services/Other,Ultra high quality 3D prints by echo,I will anonymously 3D print anything for you with my handbuilt ultra high resolution 3D printer. My printer creates models accurate to 50 microns and below  so clear and smooth they look like glass.  ...,0.03641250589743589 BTC,,,5.00/5,
cyberzen,Services/Other,Cell Phone Tracking,All about Cell Phone tracking and trace phone registered location.,0.01444147335937499 BTC,,,4.89/5,
GetBTC,Services/Other,Vault Market Invite Code - $5 (save $95),I am selling invite codes to the world famous Vault Market autoshop  for just $5. This is a great deal as normally you would need to pay $100 just to register.  Vault Market has listings for tens o ...,0.01593464385542169 BTC,,,~5/5,
Contingency,Services/Other,Your Own .onion Domain + 1 month Tor hosting (no CP),Hi all   \== I recently leased a server to host a hidden wiki I run; the server is much more powerful than needed to host this one site. |-- So I would like to sublet these services to people who  ...,0.034609656271929835 BTC,Internet,Torland,~5/5,
echo,Services/Other,psychedelic consulting with echo,Any question you have regarding psychedelic exploration  I can probably answer it. I have extensively engaged in the process alone and with friends in multiple countries in all types of set and setti ...,0.0288810684 BTC,,,5.00/5,
fake,Services/Other,NATURAL MEDICINE CONSULTATION,I AM AN EXPERT IN NATURAL THERAPIES. I WILL OFFER A CONSULTATION ABOUT ANY DISEASE  TELL ME: AGE SEX EIGHT WEIGHT DISEASES SYMPTOMS BLOOD OR ANY OTHER ANALYSIS ( IF AVAILABLE ) DRUG USE    ...,0.0823479561538462 BTC,,,4.782/5,
secretsquirrel2,Services/Other,Vault Market invite,Vault Market is a autoshop sells credit/debit cards from all over the world as well as PayPals and fulls. Registration fee is $100 however I can send you an invite for only $2!,0.004055663333333333 BTC,Torland,,~5/5,
passman,Services/Other,(Must Have For ALL Tor Users) Anonymous VPN Software  90 Days Subscription,"ARE YOU USING TOR WITHOUT A VPN? IF YOUR ANSWER IS ""YES"" THEN YOU ARE DOING A BIG MISTAKE!! PLEASE READ EVERYTHING CAREFULLY.  VPN is a very important piece of the puzzle when it comes to online se ...",0.3487293590909091 BTC,,,4.946/5,
echo,Services/Other,Request an ebook,I can convert any book from a physical version to a PDF or TXT version. Contact me for a price quote—it must cover the cost of the book as well as labor.,0.3452585685526315 BTC,,,5.00/5,
mssource,Drugs/RCs,4-FMA...!! 1 KG,PLZ ALWAYS READ MAIN PROFILE BEFORE ORDER ********************************************************************  Item::  4-FMA    Quanty:: 1 Kg   Purity:: 99 8% Powder *High Definition   ...,7.5582225319999985 BTC,World,WORLDWIDE,4.95/5,Average price may be skewed outliar > .5 BTC found
FREE,Drugs/RCs,200gr. 2 FMA FREE SHIP WITH TRACK,2-Fluoromethamphetamine (2-FMA) is a stimulant drug from the amphetamine family which has rarely been found possessed as a designer drug.  This shipment is with tracking number. The shipment must b ...,3.3681170859374996 BTC,China,,5.00/5,Average price may be skewed outliar > .5 BTC found
mssource,Drugs/RCs,3-FA...!! 1 KG,PLZ ALWAYS READ MAIN PROFILE BEFORE ORDER ********************************************************************  Item::  3-FA   Quanty:: 1 Kg   Purity:: 99 8% Powder *High Definition    ...,7.670203622941176 BTC,World,WORLDWIDE,4.95/5,Average price may be skewed outliar > .5 BTC found
mssource,Drugs/RCs,MDDMV...!! 500 GRAM,PLZ ALWAYS READ MAIN PROFILE BEFORE ORDER ********************************************************************  Item::  MDDMV   Quanty:: 500 gram   Purity:: 99 8% Chrystal *High Definitio ...,4.804303127037037 BTC,World,WORLDWIDE,4.95/5,Average price may be skewed outliar > .5 BTC found
mssource,Drugs/RCs,3-FA...!! 20 GRAM,PLZ ALWAYS READ MAIN PROFILE BEFORE ORDER ********************************************************************  Item::  3-FA   Quanty:: 20 gram   Purity:: 99 8% Powder *High Definition   ...,0.8006436744444447 BTC,World,WORLDWIDE,4.95/5,
mssource,Drugs/RCs,4-FMC...!! 5 GRAM,PLZ ALWAYS READ MAIN PROFILE BEFORE ORDER ********************************************************************  Item::  4-FMC   Quanty:: 5 gram   Purity:: 99 8% Powder *High Definition   ...,0.17515446789473685 BTC,World,WORLDWIDE,4.95/5,
mssource,Drugs/RCs,MDPBP...!! 10 GRAM,PLZ ALWAYS READ MAIN PROFILE BEFORE ORDER ********************************************************************  Item::  MDPBP   Quanty:: 10 gram   Purity:: 99 8% HCL Powder *High Definiti ...,0.30133114 BTC,World,WORLDWIDE,4.95/5,
rainbowbear,Drugs/RCs,500 gram sample 4-FA 4-Fluoroamphetamine ( Free Shipping ),500 gram sample 4-FA 4-Fluoroamphetamine ( Free Shipping ) Must FE on all international orders. Tracking offered on 100 gram orders and up.,3.132404288666667 BTC,China,,5.00/5,Average price may be skewed outliar > .5 BTC found
FREE,Drugs/RCs,5gr. 2 FMA FREE SHIP WITH TRACK,This shipment is with tracking number. The shipment must be signed to receive it. In case that the track is stuck I offer 50% reship.,0.736322822352941 BTC,China,,5.00/5,
mssource,Drugs/RCs,4-BMC...!! 500 GRAM,PLZ ALWAYS READ MAIN PROFILE BEFORE ORDER ********************************************************************  Item::  4-BMC   Quanty:: 500 gram   Purity:: 99 8% Big/Smal Chrystals * Hig ...,5.485003464166666 BTC,World,WORLDWIDE,4.95/5,Average price may be skewed outliar > .5 BTC found
FREE,Drugs/RCs,10gr. 2 FMA FREE SHIP WITH TRACK,2-Fluoromethamphetamine (2-FMA) is a stimulant drug from the amphetamine family which has rarely been found possessed as a designer drug.  This shipment is with tracking number. The shipment must b ...,1.1274057534374995 BTC,China,,5.00/5,
geoffreygiraffe,Drugs/RCs,0.5 Grams Pure MDPV Powder: Aus/NZ,*******PGP IS REQUIRED. FULL FIRST AND LAST NAME MUST BE PROVIDED. ANY ORDER THAT DOES NOT MEET THESE REQUIREMENTS WILL BE CANCELLED. PLEASE SEE THE BOTTOM OF MY PROFILE FOR A QUICK HOW-TO IN PGP**** ...,0.0866778515 BTC,USA,,5.000/5,
geoffreygiraffe,Drugs/RCs,28 Grams α-PVP Powder,*******PGP IS REQUIRED. FULL FIRST AND LAST NAME MUST BE PROVIDED. ANY ORDER THAT DOES NOT MEET THESE REQUIREMENTS WILL BE CANCELLED. PLEASE SEE THE BOTTOM OF MY PROFILE FOR A QUICK HOW-TO IN PGP**** ...,0.75347265 BTC,USA,,5.000/5,
mssource,Drugs/RCs,2-FA...!! 50 GRAM,PLZ ALWAYS READ MAIN PROFILE BEFORE ORDER ********************************************************************  Item::  2-FA    Quanty:: 50 gram  Purity:: 99 8% Powder *High Definition   ...,1.2954921602702705 BTC,World,WORLDWIDE,4.95/5,Average price may be skewed outliar > .5 BTC found
mssource,Drugs/RCs,2-MMC...!! 1 KG,PLZ ALWAYS READ MAIN PROFILE BEFORE ORDER ********************************************************************  Item::  2-MMC   (NOTE: We also have 3-MMC  4-MMC and N-MMC in stock!)   Quanty ...,11.205344746486483 BTC,World,WORLDWIDE,4.95/5,Average price may be skewed outliar > .5 BTC found
mssource,Drugs/RCs,4F-PVP...!! 50 GRAM,PLZ ALWAYS READ MAIN PROFILE BEFORE ORDER ********************************************************************  Item::  4F-PVP   Quanty:: 50 gram   Purity:: 99 8% HCL Transparent Chrystal ...,0.9362170888888888 BTC,World,WORLDWIDE,4.95/5,
mssource,Drugs/RCs,PENTEDRONE...!! 200 GRAM,PLZ ALWAYS READ MAIN PROFILE BEFORE ORDER ********************************************************************  Item::  Pentedrone   Quanty:: 200 gram   Purity:: 99 8% Powder/Chrystaline  ...,3.5062832025000006 BTC,World,WORLDWIDE,4.95/5,Average price may be skewed outliar > .5 BTC found
mssource,Drugs/RCs,ETHYLPHENIDATE...!! 500 GRAM,PLZ ALWAYS READ MAIN PROFILE BEFORE ORDER ********************************************************************  Item::  Ethylphenidate EP   Quanty:: 500 gram   Purity:: 99 8% Big Chrystal ...,6.470660930000001 BTC,World,WORLDWIDE,4.95/5,Average price may be skewed outliar > .5 BTC found
HigherGroundsNL,Drugs/RCs,500 mg Phenazepam powder - pure as it is!!,NOW 500 MG PHENAZEPAM POWDER 1000 / 500 dosages!  This is a research benzodiazepine to treat with respect!! 0.5 mg does for most people the job  and the elimination half-life is 60 hrs(!). So a 0 ...,0.07960816749999998 BTC,Netherlands,,4.82/5,
MiniDeal,Drugs/RCs,5g - (MPA) Methiopropamine 99%+ purity - Most similar to Meth,Methiopropamine (MPA) is an analog of METHAMPHETAMINE.  If you are looking for METH substitute  you found it Purity of this product is 99%+ !!! So please  use it responsibly! Its a well known che ...,0.18702292875 BTC,EU,Worldwide,4.90/5,
mssource,Drugs/RCs,VEVP...!! 5 GRAM,PLZ ALWAYS READ MAIN PROFILE BEFORE ORDER ********************************************************************  Item::  VEVP   Quanty:: 5 gram   Purity:: 99 8% HCL Powder *High Definition ...,0.15008033666666667 BTC,World,WORLDWIDE,4.95/5,
geoffreygiraffe,Drugs/RCs,7 Grams Pure MDPV Powder: Aus/NZ,*******PGP IS REQUIRED. FULL FIRST AND LAST NAME MUST BE PROVIDED. ANY ORDER THAT DOES NOT MEET THESE REQUIREMENTS WILL BE CANCELLED. PLEASE SEE THE BOTTOM OF MY PROFILE FOR A QUICK HOW-TO IN PGP**** ...,0.6637511252380952 BTC,USA,,5.000/5,Average price may be skewed outliar > .5 BTC found
mssource,Drugs/RCs,MDDMV...!! 100 GRAM,PLZ ALWAYS READ MAIN PROFILE BEFORE ORDER ********************************************************************  Item::  MDDMV   Quanty:: 100 gram   Purity:: 99 8% Chrystal *High Definitio ...,1.333629078275862 BTC,World,WORLDWIDE,4.95/5,
mssource,Drugs/RCs,4-BMC...!! 50 GRAM,PLZ ALWAYS READ MAIN PROFILE BEFORE ORDER ********************************************************************  Item::  4-BMC   Quanty:: 50 gram   Purity:: 99 8% Big/Smal Chrystals * High ...,1.097402847058824 BTC,World,WORLDWIDE,4.95/5,
ChinaChem,Drugs/RCs,1500g Ethylone FE custom listing,Only for order of 3000g.  The first order needs to be FE.  1000g reship if parcel is getting sized.  The 3kg will be split in 2x1.5kg parcels.  For a good customer.  WE HAVE 2 KINDS OF ETHY ...,11.576768512222218 BTC,China,,5.00/5,Average price may be skewed outliar > .5 BTC found
mssource,Drugs/RCs,2-FMA...!! 1 KG,PLZ ALWAYS READ MAIN PROFILE BEFORE ORDER ********************************************************************  Item::  2-FMA    Quanty:: 1 Kg   Purity:: 99 8% Powder *High Definition   ...,7.492179985161289 BTC,World,WORLDWIDE,4.95/5,Average price may be skewed outliar > .5 BTC found
drzheng,Drugs/RCs,250g pure CRYSTAL a-PVP  APVP (improved MDPV alternative) FREE worldwide shipping,250g of pure a-PVP  APVP (improved MDPV alternative) shipped worldwide using discreet methods.  For more info please see our profile.  Please note:  Different batches may have different texture ...,3.609694607209303 BTC,World,Worldwide,4.99/5,Average price may be skewed outliar > .5 BTC found
mssource,Drugs/RCs,4-FMC...!! 1 KG,PLZ ALWAYS READ MAIN PROFILE BEFORE ORDER ********************************************************************  Item::  4-FMC   Quanty:: 1 Kg   Purity:: 99 8% Powder *High Definition    ...,7.5953967360606045 BTC,World,WORLDWIDE,4.95/5,Average price may be skewed outliar > .5 BTC found
mssource,Drugs/RCs,4-BMC...!! 5 RAM,PLZ ALWAYS READ MAIN PROFILE BEFORE ORDER ********************************************************************  Item::  4-BMC   Quanty:: 5 gram   Purity:: 99 8% Big/Smal Chrystals * High  ...,0.198894188 BTC,World,WORLDWIDE,4.95/5,
mssource,Drugs/RCs,PENTYLONE...!! 200 GRAM,PLZ ALWAYS READ MAIN PROFILE BEFORE ORDER ********************************************************************  Item::  Pentylone   Quanty:: 200 gram   Purity:: 99 8% Powder * High Defina ...,3.5168381193548393 BTC,World,WORLDWIDE,4.95/5,Average price may be skewed outliar > .5 BTC found
MaximusDecimus,Drugs/RCs,Mephedrone Alternative | 4-MEC | SPECIAL OFFER 1 GRAM for £10,Hello all.  This listing is for a 1 Gram sample of 4-MEC  the product I'm selling is uncut and of very good quality  this is what most people are selling as Mephedrone  It is of very pure quality 9 ...,0.042460996521739125 BTC,UK,United Kingdom,5.00/5,
rc4me,Drugs/RCs,Pentedrone (powder) - 25g,IUPAC : (±)-1-phenyl-2-(methylamino)pentan-1-one  Pure Pentedrone Hydrochloride from manufacture  1) EMS worldwide : + Shipping from China. + Tracking is providing. + Signature is required.   ...,1.074063257235772 BTC,China,,~5/5,
rc4me,Drugs/RCs,MDPPP - 25g,IUPAC : (RS)-1-(3 4-methylenedioxyphenyl)-2-(1-pyrrolidinyl)-1-propanone  Pure MDPPP Hydrochloride from manufacture  1) EMS worldwide : + Shipping from China. + Tracking is providing. + Signat ...,1.1616390997520665 BTC,China,,~5/5,
rc4me,Drugs/RCs,Ethylone (bk-MDEA) - 50g,IUPAC : (RS)-1-(1 3-benzodioxol-5-yl)-2-(ethylamino)propan-1-one  Pure Ethylone   from manufacture  1) EMS worldwide : + Shipping from China. + Tracking is providing. + Signature is required.  ...,1.9716100265322576 BTC,China,,~5/5,Average price may be skewed outliar > .5 BTC found
rc4me,Drugs/RCs,Pentedrone (Big Crystals) - 10g,IUPAC : (±)-1-phenyl-2-(methylamino)pentan-1-one  Pure Pentedrone Hydrochloride from manufacture  1) EMS worldwide : + Shipping from China. + Tracking is providing. + Signature is required.   ...,0.8219282082113817 BTC,China,,~5/5,
rc4me,Drugs/RCs,4-FMA - 1000g,IUPAC name : (RS)-1-(4-fluorophenyl)-N-methylpropan-2-amine  Pure 4-FMA Hydrochloride from manufacture  1) EMS worldwide : + Shipping from China. + Tracking is providing. + Signature is requir ...,12.918817641102361 BTC,China,,~5/5,Average price may be skewed outliar > .5 BTC found
rc4me,Drugs/RCs,A-PVP (Big Crystals) - 100g,IUPAC : (RS)-1-phenyl-2-(1-pyrrolidinyl)-1-pentanone  Pure A-PVP Hydrochloride from manufacture  1) EMS worldwide : + Shipping from China. + Tracking is providing. + Signature is required.   ...,3.055810740725805 BTC,China,,~5/5,Average price may be skewed outliar > .5 BTC found
rc4me,Drugs/RCs,MDPPP - 250g,IUPAC : (RS)-1-(3 4-methylenedioxyphenyl)-2-(1-pyrrolidinyl)-1-propanone  Pure MDPPP Hydrochloride from manufacture  1) EMS worldwide : + Shipping from China. + Tracking is providing. + Signat ...,3.6087535723200004 BTC,China,,~5/5,Average price may be skewed outliar > .5 BTC found
rc4me,Drugs/RCs,a-PBP - 250g,IUPAC : (RS)-1-phenyl-2-(1-pyrrolidinyl)-1-butanone  Pure a-PBP Hydrochloride from manufacture  1) EMS worldwide : + Shipping from China. + Tracking is providing. + Signature is required.  W ...,3.5992780134920634 BTC,China,,~5/5,Average price may be skewed outliar > .5 BTC found
rc4me,Drugs/RCs,4-EMC - 10g,IUPAC : 1-(4-ethylphenyl)-2-(methylamino)propan-1-one  Pure 4-EMC Hydrochloride from manufacture  1) EMS worldwide : + Shipping from China. + Tracking is providing. + Signature is required.   ...,0.7890022265546217 BTC,China,,~5/5,
rc4me,Drugs/RCs,a-PBP - 500g,IUPAC : (RS)-1-phenyl-2-(1-pyrrolidinyl)-1-butanone  Pure a-PBP Hydrochloride from manufacture  1) EMS worldwide : + Shipping from China. + Tracking is providing. + Signature is required.  W ...,5.410759853571428 BTC,China,,~5/5,Average price may be skewed outliar > .5 BTC found
rc4me,Drugs/RCs,4-EMC - 50g,IUPAC : 1-(4-ethylphenyl)-2-(methylamino)propan-1-one  Pure 4-EMC Hydrochloride from manufacture  1) EMS worldwide : + Shipping from China. + Tracking is providing. + Signature is required.   ...,1.786247547419355 BTC,China,,~5/5,Average price may be skewed outliar > .5 BTC found
rc4me,Drugs/RCs,a-PVT - 25g,IUPAC : 2-(pyrrolidin-1-yl)-1-(thiophen-2-yl)pentan-1-one  Pure a-PVT  Hydrochloride from manufacture  1) EMS worldwide : + Shipping from China. + Tracking is providing. + Signature is require ...,1.252571396129032 BTC,China,,~5/5,
rc4me,Drugs/RCs,A-PVP (powder) - 1000g,IUPAC : (RS)-1-phenyl-2-(1-pyrrolidinyl)-1-pentanone  Pure A-PVP Hydrochloride from manufacture  1) EMS worldwide : + Shipping from China. + Tracking is providing. + Signature is required.   ...,7.568240053008131 BTC,China,,~5/5,Average price may be skewed outliar > .5 BTC found
rc4me,Drugs/RCs,3 4-CTMP - 10g,IUPAC : Methyl (2R)-2-(3 4-dichlorophenyl)-2-[(2R)-piperidin-2-yl]acetate  Pure 3 4-CTMP   from manufacture  1) EMS worldwide : + Shipping from China. + Tracking is providing. + Signature is r ...,0.8940381852032518 BTC,China,,~5/5,
rc4me,Drugs/RCs,2-FMA - 50g,IUPAC name : (RS)-1-(2-fluorophenyl)-N-methylpropan-2-amine  Pure 2-FMA Hydrochloride from manufacture  1) EMS worldwide : + Shipping from China. + Tracking is providing. + Signature is requir ...,1.48518858 BTC,China,,~5/5,
rc4me,Drugs/RCs,a-PBP - 50g,IUPAC : (RS)-1-phenyl-2-(1-pyrrolidinyl)-1-butanone  Pure a-PBP Hydrochloride from manufacture  1) EMS worldwide : + Shipping from China. + Tracking is providing. + Signature is required.  W ...,1.6195810405645161 BTC,China,,~5/5,Average price may be skewed outliar > .5 BTC found
rc4me,Drugs/RCs,4-EMC - 1000g,IUPAC : 1-(4-ethylphenyl)-2-(methylamino)propan-1-one  Pure 4-EMC Hydrochloride from manufacture  1) EMS worldwide : + Shipping from China. + Tracking is providing. + Signature is required.   ...,5.757965267796609 BTC,China,,~5/5,Average price may be skewed outliar > .5 BTC found
rc4me,Drugs/RCs,4-EMC - 500g,IUPAC : 1-(4-ethylphenyl)-2-(methylamino)propan-1-one  Pure 4-EMC Hydrochloride from manufacture  1) EMS worldwide : + Shipping from China. + Tracking is providing. + Signature is required.   ...,6.322627544999999 BTC,China,,~5/5,Average price may be skewed outliar > .5 BTC found
rc4me,Drugs/RCs,PV8 - 500g,IUPAC : 1-Phenyl-2-(pyrrolidin-1-yl)heptan-1-one  Pure PV8  Hydrochloride from manufacture  1) EMS worldwide : + Shipping from China. + Tracking is providing. + Signature is required.  We ne ...,5.9296711023809525 BTC,China,,~5/5,Average price may be skewed outliar > .5 BTC found
rc4me,Drugs/RCs,Pentedrone (powder) - 10g,IUPAC : (±)-1-phenyl-2-(methylamino)pentan-1-one  Pure Pentedrone Hydrochloride from manufacture  1) EMS worldwide : + Shipping from China. + Tracking is providing. + Signature is required.   ...,0.754707888032787 BTC,China,,~5/5,
rc4me,Drugs/RCs,3 4-CTMP - 50g,IUPAC : Methyl (2R)-2-(3 4-dichlorophenyl)-2-[(2R)-piperidin-2-yl]acetate  Pure 3 4-CTMP   from manufacture  1) EMS worldwide : + Shipping from China. + Tracking is providing. + Signature is r ...,2.336136693008131 BTC,China,,~5/5,Average price may be skewed outliar > .5 BTC found
MaximusDecimus,Drugs/RCs,Mephedrone Alternative | 4-MEC | 3.5 Grams for £30,Hello all.  This listing is for a 3.5 Grams of 4-MEC  the product I'm selling is uncut and of very good quality  this is what most people are selling as Mephedrone  It is of very pure quality 98&+  ...,0.12651953571428573 BTC,UK,United Kingdom,5.00/5,
rc4me,Drugs/RCs,Butylone (bk-MBDB) - 500g,IUPAC : 1-(1 3-benzodioxol-5-yl)-2-(methylamino)butan-1-one  Pure bk-MBDB Hydrochloride from manufacture  1) EMS worldwide : + Shipping from China. + Tracking is providing. + Signature is requ ...,5.588976823709676 BTC,China,,~5/5,Average price may be skewed outliar > .5 BTC found
rc4me,Drugs/RCs,PV8 - 100g,IUPAC : 1-Phenyl-2-(pyrrolidin-1-yl)heptan-1-one  Pure PV8  Hydrochloride from manufacture  1) EMS worldwide : + Shipping from China. + Tracking is providing. + Signature is required.  We ne ...,2.8805493814516128 BTC,China,,~5/5,Average price may be skewed outliar > .5 BTC found
rc4me,Drugs/RCs,4-FA - 25g,IUPAC name : (RS)-1-(4-Fluorophenyl)propan-2-amine  Pure 4FA Hydrochloride from manufacture  1) EMS worldwide : + Shipping from China. + Tracking is providing. + Signature is required.  We n ...,1.155450422125984 BTC,China,,~5/5,
rc4me,Drugs/RCs,Pentedrone (Big Crystals) - 25g,IUPAC : (±)-1-phenyl-2-(methylamino)pentan-1-one  Pure Pentedrone Hydrochloride from manufacture  1) EMS worldwide : + Shipping from China. + Tracking is providing. + Signature is required.   ...,1.2546452843999991 BTC,China,,~5/5,
rc4me,Drugs/RCs,PV8 - 5g,IUPAC : 1-Phenyl-2-(pyrrolidin-1-yl)heptan-1-one  Pure PV8  Hydrochloride from manufacture  1) EMS worldwide : + Shipping from China. + Tracking is providing. + Signature is required.  We ne ...,0.6078045345901639 BTC,China,,~5/5,
rc4me,Drugs/RCs,a-PPP  - 250g,IUPAC : (RS)-1-Phenyl-2-(1-pyrrolidinyl)-1-propanone  Pure a-PPP  Hydrochloride from manufacture  1) EMS worldwide : + Shipping from China. + Tracking is providing. + Signature is required.   ...,2.7797801233333335 BTC,China,,~5/5,
rc4me,Drugs/RCs,MDPPP - 5g,IUPAC : (RS)-1-(3 4-methylenedioxyphenyl)-2-(1-pyrrolidinyl)-1-propanone  Pure MDPPP Hydrochloride from manufacture  1) EMS worldwide : + Shipping from China. + Tracking is providing. + Signat ...,0.6076441883870968 BTC,China,,~5/5,
mssource,Drugs/RCs,4-BMC...!! 1 KG,PLZ ALWAYS READ MAIN PROFILE BEFORE ORDER ********************************************************************  Item::  4-BMC   Quanty:: 1 Kg   Purity:: 99 8% Big/Smal Chrystals * High De ...,7.607415121176469 BTC,World,WORLDWIDE,4.95/5,Average price may be skewed outliar > .5 BTC found
mssource,Drugs/RCs,4-FMC...!! 500 GRAM,PLZ ALWAYS READ MAIN PROFILE BEFORE ORDER ********************************************************************  Item::  4-FMC   Quanty:: 500 gram   Purity:: 99 8% Powder *High Definition  ...,5.079645415833334 BTC,World,WORLDWIDE,4.95/5,Average price may be skewed outliar > .5 BTC found
nanosuit1,Drugs/RCs,10g 4-mec 4mec similar to mephedrone (10 grams - 10000mg),This listing is for 1g badass quality 4-mec!  Comes straight from the chemist  golden quality! Good looking crystals! Good replacement for mephedrone - meow - mcat!  Item shipped stealth.  Shi ...,0.3099146785 BTC,EU,WorldWide,1~2 deals,
mssource,Drugs/RCs,2-MMC...!! 50 GRAM,PLZ ALWAYS READ MAIN PROFILE BEFORE ORDER ********************************************************************  Item::  2-MMC   (NOTE: We also have 3-MMC  4-MMC and N-MMC in stock!)   Quanty ...,1.404987415897436 BTC,World,WORLDWIDE,4.95/5,Average price may be skewed outliar > .5 BTC found
mssource,Drugs/RCs,2-FA...!! 500 GRAM,PLZ ALWAYS READ MAIN PROFILE BEFORE ORDER ********************************************************************  Item::  2-FA    Quanty:: 500 gram   Purity:: 99 8% Powder *High Definition  ...,5.219446432222221 BTC,World,WORLDWIDE,4.95/5,Average price may be skewed outliar > .5 BTC found
mssource,Drugs/RCs,4-FMA...!! 200 GRAM,PLZ ALWAYS READ MAIN PROFILE BEFORE ORDER ********************************************************************  Item::  4-FMA    Quanty:: 200 gram   Purity:: 99 8% Powder *High Definition ...,3.6306117564285723 BTC,World,WORLDWIDE,4.95/5,Average price may be skewed outliar > .5 BTC found
mssource,Drugs/RCs,2-MMC...!! 200 GRAM,PLZ ALWAYS READ MAIN PROFILE BEFORE ORDER ********************************************************************  Item::  2-MMC   (NOTE: We also have 3-MMC  4-MMC and N-MMC in stock!)   Quanty ...,4.009909842631581 BTC,World,WORLDWIDE,4.95/5,Average price may be skewed outliar > .5 BTC found
mssource,Drugs/RCs,4F-PVP...!! 1 KG,PLZ ALWAYS READ MAIN PROFILE BEFORE ORDER ********************************************************************  Item::  4F-PVP   Quanty:: 1 Kg   Purity:: 99 8% HCL Transparent Chrystals H ...,6.261074049310345 BTC,World,WORLDWIDE,4.95/5,Average price may be skewed outliar > .5 BTC found
Jack_N_Hoff,Drugs/RCs,1000 grams of pure a-PVP crystals,One kilogram of a-PVP CRYSTALS express shipped with tracking.  Over 99% pure.  Please message me your location before ordering to make sure that I ship to your location.  FE is required.   I lost ...,11.987742986969698 BTC,China New Zealand  Russia  Finland  Germany or the Middle East.,Worldwide except Australia  New Zealand  Russia  Finland  Germany or the Middle East.,4.94/5,Average price may be skewed outliar > .5 BTC found
mssource,Drugs/RCs,3-MMC...!! 100 GRAM,PLZ ALWAYS READ MAIN PROFILE BEFORE ORDER ********************************************************************  Item::  3-MMC aka Ephedrone  (NOTE: We also have 2-MMC  4-MMC and N-MMC in stock! ...,1.968873578378378 BTC,World,WORLDWIDE,4.95/5,Average price may be skewed outliar > .5 BTC found
FREE,Drugs/RCs,20gr. 3-MeO-PCP FREE SHIP WITH TRACK,This shipment is with tracking number. The shipment must be signed to receive it. In case that the track is stuck I offer 50% reship.,1.6044169173529412 BTC,China,,5.00/5,Average price may be skewed outliar > .5 BTC found
mssource,Drugs/RCs,MDPPP...!! 50 GRAM,PLZ ALWAYS READ MAIN PROFILE BEFORE ORDER ********************************************************************  Item::  MDPPP   Quanty:: 50 gram   Purity:: 99 8% HCL Powder *High Definiti ...,0.8163573539999998 BTC,World,WORLDWIDE,4.95/5,
mssource,Drugs/RCs,4-FMC...!! 200 GRAM,PLZ ALWAYS READ MAIN PROFILE BEFORE ORDER ********************************************************************  Item::  4-FMC   Quanty:: 200 gram   Purity:: 99 8% Powder *High Definition  ...,3.526214743333334 BTC,World,WORLDWIDE,4.95/5,Average price may be skewed outliar > .5 BTC found
mssource,Drugs/RCs,MDPBP...!! 100 GRAM,PLZ ALWAYS READ MAIN PROFILE BEFORE ORDER ********************************************************************  Item::  MDPBP   Quanty:: 100 gram   Purity:: 99 8% HCL Powder *High Definit ...,1.3634895200000001 BTC,World,WORLDWIDE,4.95/5,
drzheng,Drugs/RCs,100g crystal DIMETHYLONE- FREE worldwide shipping,100g of small CRYSTAL DIMETHYLONE (bk-mddma) shipped worldwide using discreet methods.  For more info please see our profile.  Please note:  Different batches may have different texture and col ...,2.6989009179629626 BTC,China,Worldwide,4.99/5,Average price may be skewed outliar > .5 BTC found
FREE,Drugs/RCs,500gr. 2 FMA FREE SHIP WITH TRACK,2-Fluoromethamphetamine (2-FMA) is a stimulant drug from the amphetamine family which has rarely been found possessed as a designer drug.  This shipment is with tracking number. The shipment must b ...,4.712075772727273 BTC,China,,5.00/5,Average price may be skewed outliar > .5 BTC found
rainbowbear,Drugs/RCs,250 gram sample 4-FA 4-Fluoroamphetamine ( Free Shipping ),250 gram sample 4-FA 4-Fluoroamphetamine ( Free Shipping ) Must FE on all international orders. Tracking offered on 100 gram orders and up.,4.456388091764707 BTC,China,,5.00/5,Average price may be skewed outliar > .5 BTC found
mssource,Drugs/RCs,2-FMA...!! 50 GRAM,PLZ ALWAYS READ MAIN PROFILE BEFORE ORDER ********************************************************************  Item::  2-FMA    Quanty:: 50 gram   Purity:: 99 8% Powder *High Definition  ...,1.3159907421428572 BTC,World,WORLDWIDE,4.95/5,
mssource,Drugs/RCs,3-MMC...!! 500 GRAM,PLZ ALWAYS READ MAIN PROFILE BEFORE ORDER ********************************************************************  Item::  3-MMC aka Ephedrone  (NOTE: We also have 2-MMC  4-MMC and N-MMC in stock! ...,6.24071735131579 BTC,World,WORLDWIDE,4.95/5,Average price may be skewed outliar > .5 BTC found
FREE,Drugs/RCs,20gr. 6-APB  FREE SHIP WITH TRACK,This shipment is with tracking number. The shipment must be signed to receive it. In case that the track is stuck I offer 50% reship.,1.5787704042857142 BTC,China,,5.00/5,Average price may be skewed outliar > .5 BTC found
mssource,Drugs/RCs,2-FMA...!! 200 GRAM,PLZ ALWAYS READ MAIN PROFILE BEFORE ORDER ********************************************************************  Item::  2-FMA    Quanty:: 200 gram   Purity:: 99 8% Powder *High Definition ...,3.5619944464285718 BTC,World,WORLDWIDE,4.95/5,Average price may be skewed outliar > .5 BTC found
HigherGroundsNL,Drugs/RCs,1 gram *High quality* Ethylcathinone *E-Cat*,High quality Ethylcathinone *E-Cat*  We got very nice Ethylcathinone powder from The Netherlands over here The quality is good AND steady  just as the others!!  Caution!: The active dosage can  ...,0.05137679470588235 BTC,Netherlands,,4.82/5,
FREE,Drugs/RCs,100gr. 5-MAPB FREE SHIP WITH TRACK,This shipment is with tracking number. The shipment must be signed to receive it. In case that the track is stuck I offer 50% reship.,3.883418897428572 BTC,China,,5.00/5,Average price may be skewed outliar > .5 BTC found
mssource,Drugs/RCs,PENTYLONE...!! 1 KG,PLZ ALWAYS READ MAIN PROFILE BEFORE ORDER ********************************************************************  Item::  Pentylone   Quanty:: 1 Kg   Purity:: 99 8% Powder * High Defination ...,7.452209952758619 BTC,World,WORLDWIDE,4.95/5,Average price may be skewed outliar > .5 BTC found
mssource,Drugs/RCs,4-FMA...!! 100 GRAM,PLZ ALWAYS READ MAIN PROFILE BEFORE ORDER ********************************************************************  Item::  4-FMA    Quanty:: 100 gram   Purity:: 99 8% Powder *High Definition ...,1.7580312203448276 BTC,World,WORLDWIDE,4.95/5,Average price may be skewed outliar > .5 BTC found
mssource,Drugs/RCs,3-FA...!! 10 GRAM,PLZ ALWAYS READ MAIN PROFILE BEFORE ORDER ********************************************************************  Item::  3-FA   Quanty:: 10 gram   Purity:: 99 8% Powder *High Definition   ...,0.3876996524242425 BTC,World,WORLDWIDE,4.95/5,
mssource,Drugs/RCs,4-MMC...!! 200 GRAM,PLZ ALWAYS READ MAIN PROFILE BEFORE ORDER ********************************************************************  Item::  4-MMC aka Drone  (NOTE: We also have 2-MMC and 3-MMC in stock!)   Quan ...,4.61655353891892 BTC,World,WORLDWIDE,4.95/5,Average price may be skewed outliar > .5 BTC found
mssource,Drugs/RCs,3-FA...!! 100 GRAM,PLZ ALWAYS READ MAIN PROFILE BEFORE ORDER ********************************************************************  Item::  3-FA   Quanty:: 100 gram   Purity:: 99 8% Powder *High Definition  ...,1.7580943928571426 BTC,World,WORLDWIDE,4.95/5,Average price may be skewed outliar > .5 BTC found
mssource,Drugs/RCs,3-MMC...!! 50 GRAM,PLZ ALWAYS READ MAIN PROFILE BEFORE ORDER ********************************************************************  Item::  3-MMC aka Ephedrone  (NOTE: We also have 2-MMC  4-MMC and N-MMC in stock! ...,1.4140478813157897 BTC,World,WORLDWIDE,4.95/5,
mssource,Drugs/RCs,A-PVP...!! 1 KG,PLZ ALWAYS READ MAIN PROFILE BEFORE ORDER ********************************************************************  Item::  A-PVP   Quanty:: 1 Kg   Purity:: 99 8% HCL Transparent Chrystals Hi ...,6.850764280624999 BTC,World,WORLDWIDE,4.95/5,Average price may be skewed outliar > .5 BTC found
rc4me,Drugs/RCs,4-EMC - 25g,IUPAC : 1-(4-ethylphenyl)-2-(methylamino)propan-1-one  Pure 4-EMC Hydrochloride from manufacture  1) EMS worldwide : + Shipping from China. + Tracking is providing. + Signature is required.   ...,1.1699103291056911 BTC,China,,~5/5,
rc4me,Drugs/RCs,Ethylone (bk-MDEA) - 250g,IUPAC : (RS)-1-(1 3-benzodioxol-5-yl)-2-(ethylamino)propan-1-one  Pure Ethylone   from manufacture  1) EMS worldwide : + Shipping from China. + Tracking is providing. + Signature is required.  ...,4.876868155511815 BTC,China,,~5/5,Average price may be skewed outliar > .5 BTC found
rc4me,Drugs/RCs,Butylone (bk-MBDB) - 100g,IUPAC : 1-(1 3-benzodioxol-5-yl)-2-(methylamino)butan-1-one  Pure bk-MBDB Hydrochloride from manufacture  1) EMS worldwide : + Shipping from China. + Tracking is providing. + Signature is requ ...,2.509302186341463 BTC,China,,~5/5,Average price may be skewed outliar > .5 BTC found
rc4me,Drugs/RCs,Butylone (bk-MBDB) - 50g,IUPAC : 1-(1 3-benzodioxol-5-yl)-2-(methylamino)butan-1-one  Pure bk-MBDB Hydrochloride from manufacture  1) EMS worldwide : + Shipping from China. + Tracking is providing. + Signature is requ ...,1.6205407460483867 BTC,China,,~5/5,Average price may be skewed outliar > .5 BTC found
rc4me,Drugs/RCs,Butylone (bk-MBDB) - 5g,IUPAC : 1-(1 3-benzodioxol-5-yl)-2-(methylamino)butan-1-one  Pure bk-MBDB Hydrochloride from manufacture  1) EMS worldwide : + Shipping from China. + Tracking is providing. + Signature is requ ...,0.5841436956557379 BTC,China,,~5/5,
rc4me,Drugs/RCs,A-PVP (Big Crystals) - 25g,IUPAC : (RS)-1-phenyl-2-(1-pyrrolidinyl)-1-pentanone  Pure A-PVP Hydrochloride from manufacture  1) EMS worldwide : + Shipping from China. + Tracking is providing. + Signature is required.   ...,1.231760941729323 BTC,China,,~5/5,
InternationalChems,Drugs/RCs,3GR - MDPV (EU stock!),High quality MDPV direct from our EU lab. ★ Please READ our entire profile before ordering. ★ No FE required! ★ Less than 24hs from order to shipping. ★ We DO NOT SHIP this product to: Austria  C ...,0.2215946487878788 BTC,EU GER and AUS,Worldwide except USA  GER and AUS,~5/5,
rc4me,Drugs/RCs,A-PVP (Big Crystals) - 1000g,IUPAC : (RS)-1-phenyl-2-(1-pyrrolidinyl)-1-pentanone  Pure A-PVP Hydrochloride from manufacture  1) EMS worldwide : + Shipping from China. + Tracking is providing. + Signature is required.   ...,10.115457988770492 BTC,China,,~5/5,Average price may be skewed outliar > .5 BTC found
rc4me,Drugs/RCs,Pentedrone (Big Crystals) - 1000g,IUPAC : (±)-1-phenyl-2-(methylamino)pentan-1-one  Pure Pentedrone Hydrochloride from manufacture  1) EMS worldwide : + Shipping from China. + Tracking is providing. + Signature is required.   ...,10.490221172400002 BTC,China,,~5/5,Average price may be skewed outliar > .5 BTC found
rc4me,Drugs/RCs,Pentedrone (powder) - 100g,IUPAC : (±)-1-phenyl-2-(methylamino)pentan-1-one  Pure Pentedrone Hydrochloride from manufacture  1) EMS worldwide : + Shipping from China. + Tracking is providing. + Signature is required.   ...,2.53049509436508 BTC,China,,~5/5,Average price may be skewed outliar > .5 BTC found
rc4me,Drugs/RCs,A-PVP (powder) - 50g,IUPAC : (RS)-1-phenyl-2-(1-pyrrolidinyl)-1-pentanone  Pure A-PVP Hydrochloride from manufacture  1) EMS worldwide : + Shipping from China. + Tracking is providing. + Signature is required.   ...,1.5256384026016256 BTC,China,,~5/5,Average price may be skewed outliar > .5 BTC found
Fappy,Drugs/RCs,A-PVP 10g,A-PVP (HCL)  Produces stimulant and euphoric effects very similar to MDVP. Be aware that high doses can produce intense prolonged panic attacks and psychosis from frequent dosing and sleep withdraw ...,0.43956032999999994 BTC,Canada USA  UK  EU,Canada  USA  UK  EU,4.96/5,
rc4me,Drugs/RCs,4-FMA - 10g,IUPAC name : (RS)-1-(4-fluorophenyl)-N-methylpropan-2-amine  Pure 4-FMA Hydrochloride from manufacture  1) EMS worldwide : + Shipping from China. + Tracking is providing. + Signature is requir ...,0.8159331471999997 BTC,China,,~5/5,
rc4me,Drugs/RCs,4-FA - 500g,IUPAC name : (RS)-1-(4-Fluorophenyl)propan-2-amine  Pure 4FA Hydrochloride from manufacture  1) EMS worldwide : + Shipping from China. + Tracking is providing. + Signature is required.  We n ...,7.136101818661419 BTC,China,,~5/5,Average price may be skewed outliar > .5 BTC found
rc4me,Drugs/RCs,2-FMA - 500g,IUPAC name : (RS)-1-(2-fluorophenyl)-N-methylpropan-2-amine  Pure 2-FMA Hydrochloride from manufacture  1) EMS worldwide : + Shipping from China. + Tracking is providing. + Signature is requir ...,6.84129528652174 BTC,China,,~5/5,Average price may be skewed outliar > .5 BTC found
rc4me,Drugs/RCs,2-FMA - 10g,IUPAC name : (RS)-1-(2-fluorophenyl)-N-methylpropan-2-amine  Pure 2-FMA Hydrochloride from manufacture  1) EMS worldwide : + Shipping from China. + Tracking is providing. + Signature is requir ...,0.5938524875 BTC,China,,~5/5,
rc4me,Drugs/RCs,4-FMA - 5g,IUPAC name : (RS)-1-(4-fluorophenyl)-N-methylpropan-2-amine  Pure 4-FMA Hydrochloride from manufacture  1) EMS worldwide : + Shipping from China. + Tracking is providing. + Signature is requir ...,0.6184109049606298 BTC,China,,~5/5,
rc4me,Drugs/RCs,3 4-CTMP - 5g,IUPAC : Methyl (2R)-2-(3 4-dichlorophenyl)-2-[(2R)-piperidin-2-yl]acetate  Pure 3 4-CTMP   from manufacture  1) EMS worldwide : + Shipping from China. + Tracking is providing. + Signature is r ...,0.6613368479838712 BTC,China,,~5/5,
rc4me,Drugs/RCs,4-FA - 250g,IUPAC name : (RS)-1-(4-Fluorophenyl)propan-2-amine  Pure 4FA Hydrochloride from manufacture  1) EMS worldwide : + Shipping from China. + Tracking is providing. + Signature is required.  We n ...,4.821353027619047 BTC,China,,~5/5,Average price may be skewed outliar > .5 BTC found
rc4me,Drugs/RCs,MPA - 25g,IUPAC : 1-(thiophen-2-yl)-2-methylaminopropane  Pure MPA  Hydrochloride from manufacture  1) EMS worldwide : + Shipping from China. + Tracking is providing. + Signature is required.  We need ...,1.2417196933333328 BTC,China,,~5/5,
rc4me,Drugs/RCs,PV8 - 50g,IUPAC : 1-Phenyl-2-(pyrrolidin-1-yl)heptan-1-one  Pure PV8  Hydrochloride from manufacture  1) EMS worldwide : + Shipping from China. + Tracking is providing. + Signature is required.  We ne ...,1.8029742981599997 BTC,China,,~5/5,Average price may be skewed outliar > .5 BTC found
rc4me,Drugs/RCs,2-FMA - 250g,IUPAC name : (RS)-1-(2-fluorophenyl)-N-methylpropan-2-amine  Pure 2-FMA Hydrochloride from manufacture  1) EMS worldwide : + Shipping from China. + Tracking is providing. + Signature is requir ...,8.245332506774199 BTC,China,,~5/5,Average price may be skewed outliar > .5 BTC found
rc4me,Drugs/RCs,4-EMC - 100g,IUPAC : 1-(4-ethylphenyl)-2-(methylamino)propan-1-one  Pure 4-EMC Hydrochloride from manufacture  1) EMS worldwide : + Shipping from China. + Tracking is providing. + Signature is required.   ...,2.8968176978512403 BTC,China,,~5/5,Average price may be skewed outliar > .5 BTC found
rc4me,Drugs/RCs,A-PVP (powder) - 25g,IUPAC : (RS)-1-phenyl-2-(1-pyrrolidinyl)-1-pentanone  Pure A-PVP Hydrochloride from manufacture  1) EMS worldwide : + Shipping from China. + Tracking is providing. + Signature is required.   ...,1.0245211590322578 BTC,China,,~5/5,
rc4me,Drugs/RCs,Ethylone (bk-MDEA) - 500g,IUPAC : (RS)-1-(1 3-benzodioxol-5-yl)-2-(ethylamino)propan-1-one  Pure Ethylone   from manufacture  1) EMS worldwide : + Shipping from China. + Tracking is providing. + Signature is required.  ...,7.547991945040651 BTC,China,,~5/5,Average price may be skewed outliar > .5 BTC found
rc4me,Drugs/RCs,MDPPP - 100g,IUPAC : (RS)-1-(3 4-methylenedioxyphenyl)-2-(1-pyrrolidinyl)-1-propanone  Pure MDPPP Hydrochloride from manufacture  1) EMS worldwide : + Shipping from China. + Tracking is providing. + Signat ...,2.884157020327869 BTC,China,,~5/5,Average price may be skewed outliar > .5 BTC found
rc4me,Drugs/RCs,2-FMA - 1000g,IUPAC name : (RS)-1-(2-fluorophenyl)-N-methylpropan-2-amine  Pure 2-FMA Hydrochloride from manufacture  1) EMS worldwide : + Shipping from China. + Tracking is providing. + Signature is requir ...,10.663708289090907 BTC,China,,~5/5,Average price may be skewed outliar > .5 BTC found
rc4me,Drugs/RCs,Butylone (bk-MBDB) - 25g,IUPAC : 1-(1 3-benzodioxol-5-yl)-2-(methylamino)butan-1-one  Pure bk-MBDB Hydrochloride from manufacture  1) EMS worldwide : + Shipping from China. + Tracking is providing. + Signature is requ ...,1.0724610727777781 BTC,China,,~5/5,
rc4me,Drugs/RCs,MPA - 500g,IUPAC : 1-(thiophen-2-yl)-2-methylaminopropane  Pure MPA  Hydrochloride from manufacture  1) EMS worldwide : + Shipping from China. + Tracking is providing. + Signature is required.  We need ...,7.486374684736843 BTC,China,,~5/5,Average price may be skewed outliar > .5 BTC found
rc4me,Drugs/RCs,A-PVP (powder) - 500g,IUPAC : (RS)-1-phenyl-2-(1-pyrrolidinyl)-1-pentanone  Pure A-PVP Hydrochloride from manufacture  1) EMS worldwide : + Shipping from China. + Tracking is providing. + Signature is required.   ...,4.8626171892857135 BTC,China,,~5/5,Average price may be skewed outliar > .5 BTC found
mssource,Drugs/RCs,ETHYLPHENIDATE...!! 10 GRAM,PLZ ALWAYS READ MAIN PROFILE BEFORE ORDER ********************************************************************  Item::  Ethylphenidate EP   Quanty:: 10 gram   Purity:: 99 8% Big Chrystals ...,0.4236570515625 BTC,World,WORLDWIDE,4.95/5,
mssource,Drugs/RCs,2-FMA...!! 100 GRAM,PLZ ALWAYS READ MAIN PROFILE BEFORE ORDER ********************************************************************  Item::  2-FMA    Quanty:: 100 gram   Purity:: 99 8% Powder *High Definition ...,1.75698511 BTC,World,WORLDWIDE,4.95/5,Average price may be skewed outliar > .5 BTC found
Jack_N_Hoff,Drugs/RCs,500 grams of a-PVP CRYSTALS,500 grams of a-PVP CRYSTALS express shipped with tracking.  Over 99% pure.  FE is required for all orders.  Orders shipped from China to USA have been taking 3 to 6 business days lately. Orders a ...,6.778800899795918 BTC,China New Zealand  Russia  Finland  Germany or the Middle East.,Worldwide except Australia  New Zealand  Russia  Finland  Germany or the Middle East.,4.94/5,Average price may be skewed outliar > .5 BTC found
mssource,Drugs/RCs,2-MMC...!! 20 GRAM,PLZ ALWAYS READ MAIN PROFILE BEFORE ORDER ********************************************************************  Item::  2-MMC   (NOTE: We also have 3-MMC  4-MMC and N-MMC in stock!)   Quanty ...,0.8414402826470591 BTC,World,WORLDWIDE,4.95/5,
Jack_N_Hoff,Drugs/RCs,25 gram sample of pure 4-FA (4-Fluoroamphetamine),25 gram sample of 4-FA (4-Fluoroamphetamine) crystals express shipped with tracking.  FE is required for all orders.  Orders shipped from China to USA have been taking 3 to 6 business days lately ...,0.8821649377570093 BTC,China New Zealand  Russia  Finland  Germany or the Middle East.,Worldwide except Australia  New Zealand  Russia  Finland  Germany or the Middle East.,4.94/5,
mssource,Drugs/RCs,BUPHEDRONE...!! 200 GRAM,PLZ ALWAYS READ MAIN PROFILE BEFORE ORDER ********************************************************************  Item::  Buphedrone   Quanty:: 200 gram   Purity:: 99 8% Powder *High Defini ...,5.2915822934375 BTC,World,WORLDWIDE,4.95/5,Average price may be skewed outliar > .5 BTC found
mssource,Drugs/RCs,A-PVP...!! 5 GRAM,PLZ ALWAYS READ MAIN PROFILE BEFORE ORDER ********************************************************************  Item::  A-PVP   Quanty:: 5 gram   Purity:: 99 8% HCL Transparent Chrystals  ...,0.15824881176470587 BTC,World,WORLDWIDE,4.95/5,
mssource,Drugs/RCs,2-FA...!! 10 GRAM,PLZ ALWAYS READ MAIN PROFILE BEFORE ORDER ********************************************************************  Item::  2-FA    Quanty:: 10 gram  Purity:: 99 8% Powder *High Definition   ...,0.39478323 BTC,World,WORLDWIDE,4.95/5,
mssource,Drugs/RCs,4-FMC...!! 10 GRAM,PLZ ALWAYS READ MAIN PROFILE BEFORE ORDER ********************************************************************  Item::  4-FMC   Quanty:: 10 gram   Purity:: 99 8% Powder *High Definition  ...,0.3863679037500001 BTC,World,WORLDWIDE,4.95/5,
mssource,Drugs/RCs,MDPBP...!! 50 GRAM,PLZ ALWAYS READ MAIN PROFILE BEFORE ORDER ********************************************************************  Item::  MDPBP   Quanty:: 50 gram   Purity:: 99 8% HCL Powder *High Definiti ...,0.8291443674074075 BTC,World,WORLDWIDE,4.95/5,
mssource,Drugs/RCs,2-MMC...!! 100 GRAM,PLZ ALWAYS READ MAIN PROFILE BEFORE ORDER ********************************************************************  Item::  2-MMC   (NOTE: We also have 3-MMC  4-MMC and N-MMC in stock!)   Quanty ...,2.127692821111111 BTC,World,WORLDWIDE,4.95/5,Average price may be skewed outliar > .5 BTC found
FREE,Drugs/RCs,50gr. 2 FMA FREE SHIP WITH TRACK,2-Fluoromethamphetamine (2-FMA) is a stimulant drug from the amphetamine family which has rarely been found possessed as a designer drug.  This shipment is with tracking number. The shipment must b ...,1.7348208436363635 BTC,China,,5.00/5,Average price may be skewed outliar > .5 BTC found
mssource,Drugs/RCs,MDDMV...!! 5 GRAM,PLZ ALWAYS READ MAIN PROFILE BEFORE ORDER ********************************************************************  Item::  MDDMV   Quanty:: 5 gram   Purity:: 99 8% Chrystal *High Definition  ...,0.16152329363636364 BTC,World,WORLDWIDE,4.95/5,
mssource,Drugs/RCs,MDPV...!! 1 KG,PLZ ALWAYS READ MAIN PROFILE BEFORE ORDER ********************************************************************  Item::  MDPV   Quanty:: 1 Kg   Purity:: 99 8% Powder *High Definition    ...,9.414467900526317 BTC,World,WORLDWIDE,4.95/5,Average price may be skewed outliar > .5 BTC found
IsolatedWarrior,Drugs/RCs,a-PVP 100mg sample - substitute this for adderall meth speed (or mdpv) & pass drug tests & save $,100mg a-PVP  Use this to get high or focus or study without burning a hole in your wallet and pass your tox screens with flying colors.  I personally have shipped a sample of this to a lab to ver ...,0.02556411142857143 BTC,USA,USA,4.98/5,
MRUKSBEST,Drugs/RCs,REGGIEYATES,for 3g mephedrone.,0.16803196 BTC,UK,,5.00/5,
mssource,Drugs/RCs,2-FA...!! 20 GRAM,PLZ ALWAYS READ MAIN PROFILE BEFORE ORDER ********************************************************************  Item::  2-FA    Quanty:: 20 gram  Purity:: 99 8% Powder *High Definition   ...,0.8327425085714287 BTC,World,WORLDWIDE,4.95/5,
mssource,Drugs/RCs,MDPBP...!! 5 GRAM,PLZ ALWAYS READ MAIN PROFILE BEFORE ORDER ********************************************************************  Item::  MDPBP   Quanty:: 5 gram   Purity:: 99 8% HCL Powder *High Definitio ...,0.15037580083333332 BTC,World,WORLDWIDE,4.95/5,
IsolatedWarrior,Drugs/RCs,a-PVP 3.5g - substitute this for adderall meth speed (or mdpv) & pass drug tests & save $,3.5g a-PVP  use this to get high or focus or study without burning a hole in your wallet and pass your tox screens with flying colors.  personally have shipped sample to lab to verify purity.   ...,0.48922552539473674 BTC,USA,USA,4.98/5,
mssource,Drugs/RCs,2-FMA...!! 5 GRAM,PLZ ALWAYS READ MAIN PROFILE BEFORE ORDER ********************************************************************  Item::  2-FMA    Quanty:: 5 gram   Purity:: 99 8% Powder *High Definition  ...,0.16921575916666665 BTC,World,WORLDWIDE,4.95/5,
FREE,Drugs/RCs,1kg. 2 FMA FREE SHIP WITH TRACK,2-Fluoromethamphetamine (2-FMA) is a stimulant drug from the amphetamine family which has rarely been found possessed as a designer drug.  This shipment is with tracking number. The shipment must b ...,8.978666883636363 BTC,China,,5.00/5,Average price may be skewed outliar > .5 BTC found
mssource,Drugs/RCs,4F-PVP...!! 10 GRAM,PLZ ALWAYS READ MAIN PROFILE BEFORE ORDER ********************************************************************  Item::  4F-PVP   Quanty:: 20 gram   Purity:: 99 8% HCL Transparent Chrystal ...,0.32800594079999995 BTC,World,WORLDWIDE,4.95/5,
mssource,Drugs/RCs,ETHYLPHENIDATE...!! 200 GRAM,PLZ ALWAYS READ MAIN PROFILE BEFORE ORDER ********************************************************************  Item::  Ethylphenidate EP   Quanty:: 200 gram   Purity:: 99 8% Big Chrystal ...,4.184622727777781 BTC,World,WORLDWIDE,4.95/5,Average price may be skewed outliar > .5 BTC found
Jack_N_Hoff,Drugs/RCs,25 gram sample of pure a-PVP crystals,25 gram sample of a-PVP CRYSTALS express shipped with tracking.  FE is required for all orders.  Orders shipped from China to USA have been taking 3 to 6 business days lately. Orders are usually  ...,0.818515073505155 BTC,China New Zealand  Russia  Finland  Germany or the Middle East.,Worldwide except Australia  New Zealand  Russia  Finland  Germany or the Middle East.,4.94/5,
mssource,Drugs/RCs,PENTYLONE...!! 500 GRAM,PLZ ALWAYS READ MAIN PROFILE BEFORE ORDER ********************************************************************  Item::  Pentylone   Quanty:: 500 gram   Purity:: 99 8% Powder * High Defina ...,5.011501422333334 BTC,World,WORLDWIDE,4.95/5,Average price may be skewed outliar > .5 BTC found
mssource,Drugs/RCs,2-MMC...!! 500 GRAM,PLZ ALWAYS READ MAIN PROFILE BEFORE ORDER ********************************************************************  Item::  2-MMC   (NOTE: We also have 3-MMC  4-MMC and N-MMC in stock!)   Quanty ...,6.711073343714286 BTC,World,WORLDWIDE,4.95/5,Average price may be skewed outliar > .5 BTC found
mssource,Drugs/RCs,MDPV...!! 20 GRAM,PLZ ALWAYS READ MAIN PROFILE BEFORE ORDER ********************************************************************  Item::  MDPV   Quanty:: 20 gram   Purity:: 99 8% Powder *High Definition   ...,0.7619765395238096 BTC,World,WORLDWIDE,4.95/5,
mssource,Drugs/RCs,4-FA...!! 5 GRAM,PLZ ALWAYS READ MAIN PROFILE BEFORE ORDER ********************************************************************  Item::  4-FA    Quanty:: 5 gram   Purity:: 99 8% Powder *High Definition   ...,0.18763666842105262 BTC,World,WORLDWIDE,4.95/5,
mssource,Drugs/RCs,4-MMC...!! 1 KG,PLZ ALWAYS READ MAIN PROFILE BEFORE ORDER ********************************************************************  Item::  4-MMC aka Drone  (NOTE: We also have 2-MMC and 3-MMC in stock!)   Quan ...,11.538765622 BTC,World,WORLDWIDE,4.95/5,Average price may be skewed outliar > .5 BTC found
rainbowbear,Drugs/RCs,100 gram sample 4-FA 4-Fluoroamphetamine ( Free Shipping ),100 gram sample 4-FA 4-Fluoroamphetamine ( Free Shipping ) Must FE on all international orders. Tracking offered on 100 gram orders and up.,3.0990999334482767 BTC,China,,5.00/5,Average price may be skewed outliar > .5 BTC found
FREE,Drugs/RCs,5gr.  4-EMC FREE SHIP WITH TRACK,This shipment is with tracking number. The shipment must be signed to receive it. In case that the track is stuck I offer 50% reship.,0.4807129725000001 BTC,China,,5.00/5,
ChinaChem,Drugs/RCs,Custom Listing Ethylone 1000g E1 mdec,WE HAVE 2 KINDS OF ETHYLONE. PLEASE CHOOSE ONE: https://www.anonimg.com/img/1f2a6149c563843d11e77421f9b75bfd.png  FULL ESCROW RESHIP POLICY ON OUR PROFILE PAGE!  This listing is only for trusted ...,8.446939105752204 BTC,China,Worldwide,5.00/5,Average price may be skewed outliar > .5 BTC found
FREE,Drugs/RCs,100gr. 6-MAPB FREE SHIP WITH TRACK,This shipment is with tracking number. The shipment must be signed to receive it. In case that the track is stuck I offer 50% reship.,3.6053473263888884 BTC,China,,5.00/5,Average price may be skewed outliar > .5 BTC found
ChinaChem,Drugs/RCs,Sample Pentedrone,Description  Product information Pentedrone:  CAS number: 879669-95-1  Formula: C12H18CLNO  Purity(HPLC): 99.5%  Characteristics: White crystalline powder   Pentedrone (Wikipedia):  Pe ...,0.08271094394736847 BTC,China,Worldwide,5.00/5,
Evangitis,Drugs/RCs,1g 2-FMA,1g 2-FMA; 2-Fluoromethamphetamine,0.10415067317073172 BTC,USA,USA,5.00/5,
ChinaChem,Drugs/RCs,50g Dimethylone,CAS number: 109367-07-9 Formula: C12H15NO3 Purity(HPLC): 98.5%  bk-MDDMA (hydrochloride) is a potential psychotropic designer drug of the phenethylamine  amphetamine  and cathinone chemical class ...,1.3198246662068973 BTC,,,5.00/5,Average price may be skewed outliar > .5 BTC found
FREE,Drugs/RCs,500gr. Apvp Rock FREE SHIP WITH TRACK,This shipment is with tracking number. The shipment must be signed to receive it. In case that the track is stuck I offer 50% reship.,4.231380925454547 BTC,China,,5.00/5,Average price may be skewed outliar > .5 BTC found
EverythingOnIt,Drugs/RCs,500g Ethylphenidate 99% Pure,500g of 99% Pure Ethylphenidate  FE Free express shipping Available  Tracking Number will be provided for either options  It takes 5-10 working days to most of countries  Picture can be arran ...,4.651635754318183 BTC,China,,5.00/5,Average price may be skewed outliar > .5 BTC found
FREE,Drugs/RCs,50gr.5-APB FREE SHIP WITH TRACK,This shipment is with tracking number. The shipment must be signed to receive it. In case that the track is stuck I offer 50% reship.,1.843409557142857 BTC,China,,5.00/5,Average price may be skewed outliar > .5 BTC found
Nebulin,Drugs/RCs,5x AL-LAD 150µg,This listing is for 5x AL-LAD 150µg.  ============================================================ Chemical Name: AL-LAD Systematic IUPAC Name: (8β)-N N-Diethyl-6-(prop-2-en-1-yl)-9 10-didehydroe ...,0.1739964585714286 BTC,Australia,Australia,5.00/5,
FREE,Drugs/RCs,100gr. MDPPP FREE SHIP WITH TRACK,This shipment is with tracking number. The shipment must be signed to receive it. In case that the track is stuck I offer 50% reship.,2.2042430987500006 BTC,China,,5.00/5,Average price may be skewed outliar > .5 BTC found
ChinaChem,Drugs/RCs,custom 2000g Ethylone E1,*custom Listing*  WE HAVE 2 KINDS OF ETHYLONE. PLEASE CHOOSE ONE: https://www.anonimg.com/img/1f2a6149c563843d11e77421f9b75bfd.png  FULL ESCROW RESHIP POLICY ON OUR PROFILE PAGE!  Product info ...,16.875145089523816 BTC,China,Worldwide,5.00/5,Average price may be skewed outliar > .5 BTC found
EverythingOnIt,Drugs/RCs,100g 4-FA,100g of 4-FA  FE Free express shipping  Tracking Number will be provided  It takes 5-10 working days to most of countries  Picture can be arranged via pgp message  Our quality is superb and ...,1.0978877081250003 BTC,China,,5.00/5,
Evangitis,Drugs/RCs,1g 4-FA,1g 4-FA; 4-Fluoroamphetamine,0.09258221549019609 BTC,USA,USA,5.00/5,
PsiloManufacture,Drugs/RCs,1g TOP QUALITY 3mmc 3-MMC  Metaphedron successor 4MMC clean high! FREE SHIPPING CHEAP SAMPLE,Hi guys   I offer 1 gram 3MMC crystal.  FREE SHIPPING & CHEAP SAMPLE  ONLY  0 017200  it is only 10 bucks  3MMC is the successor of mephedrone   Very strong and fresh batch. Gives a real c ...,0.0172 BTC,EU,Worldwide,4.85/5,
ChinaChem,Drugs/RCs,250g a-php (PV7) (apvp related),“alpha-PHP is a stimulant similar in dosing and effects to MDPV and alpha-PVP  I had already a pleasure to try this a couple of times … I found it a bit stronger than alpha-PVP but with less side eff ...,3.609454907 BTC,,,5.00/5,Average price may be skewed outliar > .5 BTC found
NoQuarter,Drugs/RCs,1g 4-FA Pure Product,<><><><><><><><><><><><><><><><><><><><><><><><><><>  From the shore to your door. Bad Ass 4-FA.  For those unfamiliar and looking for an mdma/m1 alternative  give 4fa a try. A stimulant with som ...,0.05398925222222223 BTC,USA,USA,5.00/5,
FREE,Drugs/RCs,100gr.5-APB FREE SHIP WITH TRACK,This shipment is with tracking number. The shipment must be signed to receive it. In case that the track is stuck I offer 50% reship.,2.93547289 BTC,China,,5.00/5,Average price may be skewed outliar > .5 BTC found
geoffreygiraffe,Drugs/RCs,14 Grams Pure MDPV Powder,Hello there  Ladies and Gentlemen.  I’m Geoffrey Giraffe  and I am here to provide top quality products for reasonable prices.  I believe in honest representations of my products as well as chemical  ...,0.9246518219230772 BTC,USA Canada  W. Europe,USA  Canada  W. Europe,5.000/5,Average price may be skewed outliar > .5 BTC found
EverythingOnIt,Drugs/RCs,250g Ethylphenidate 99% Pure,250g of 99% Pure Ethylphenidate  FE Free express shipping Available  Tracking Number will be provided for either options  It takes 5-10 working days to most of countries  Picture can be arran ...,3.1080237681818175 BTC,China,,5.00/5,Average price may be skewed outliar > .5 BTC found
canadasunshine,Drugs/RCs,Oxiracetam - 10 grams,10 grams  Nootropic. 1 gram shipped worldwide Available Aug 23 - 100 grams for sale. buy 2 of this listing to get 22.5 grams buy 3 of this listing to get 35 grams buy 4 of this listing to get 4 ...,0.06438486447154478 BTC,Canada,,4.96/5,
ChinaChem,Drugs/RCs,1000g AB-FUBINACA,Product information AB-FUBINACA:  CAS number: 1185282-01-2  Formula: C20H21FN4O2  Purity(HPLC): 99.5%  Characteristics: White powder  For more information's about our reship policy  please  ...,5.248798024444444 BTC,China,,5.00/5,Average price may be skewed outliar > .5 BTC found
onelove321,Drugs/RCs,1 Gram A-PVP Powder,having trouble loading our pics  PURE A-PVP Powder    NO CUTS WHAT SO EVER      a-PVP can be administered orally  sublingually  rectally  intravenously  intramuscularly  insufflated  and ...,0.06037922909090909 BTC,USA,USA,4.92/5,
stiffstyles,Drugs/RCs,4-cmc 200g,sent direct from manufacturer in Asia  no Australian orders please Latest and greatest mdma analogue,2.8893233655555557 BTC,World,,4.92/5,
FREE,Drugs/RCs,1kg. Apvp Rock FREE SHIP WITH TRACK,This shipment is with tracking number. The shipment must be signed to receive it. In case that the track is stuck I offer 50% reship.,7.463235881463415 BTC,China,,5.00/5,Average price may be skewed outliar > .5 BTC found
Fappy,Drugs/RCs,50 x 4-AcO-DMT Capsules 20mg,50 x 4-AcO-DMT Capsules 20mg Fumarate  Excellent 4-AcO-DMT 99%+ pure  straight from the lab  For experienced users only  please do your own research and use diligently.  Duration: 6-8 hrs  Or ...,0.7286943429411763 BTC,Canada USA  UK  EU,Canada  USA  UK  EU,4.96/5,
FREE,Drugs/RCs,20gr. Apvp Rock FREE SHIP WITH TRACK,This shipment is with tracking number. The shipment must be signed to receive it. In case that the track is stuck I offer 50% reship.,0.7476877460869567 BTC,China,,5.00/5,
PsiloManufacture,Drugs/RCs,5g TOP QUALITY 3mmc 3-MMC  Metaphedron 3 MMC,Hi guys I'm new here but I can assure you that my services are at the highest level. My products as well.  I offer 5 gram 3MMC crystal. Very strong and fresh batch. Gives a real clean nice euphor ...,0.3139457448780489 BTC,EU,Worldwide,4.85/5,
FREE,Drugs/RCs,20gr. AH-7921 FREE SHIP WITH TRACK,This shipment is with tracking number. The shipment must be signed to receive it. In case that the track is stuck I offer 50% reship.,1.5474048774285711 BTC,China,,5.00/5,Average price may be skewed outliar > .5 BTC found
geoffreygiraffe,Drugs/RCs,7 Grams Pure MDPV Powder,Hello there  Ladies and Gentlemen.  I’m Geoffrey Giraffe  and I am here to provide top quality products for reasonable prices.  I believe in honest representations of my products as well as chemical  ...,0.5081721695999998 BTC,USA Canada  W. Europe,USA  Canada  W. Europe,5.000/5,
mssource,Drugs/RCs,ETHYLPHENIDATE...!! 1 KG,PLZ ALWAYS READ MAIN PROFILE BEFORE ORDER ********************************************************************  Item::  Ethylphenidate EP   Quanty:: 1 Kg   Purity:: 99 8% Big Chrystals *  ...,9.408265759696969 BTC,World,WORLDWIDE,4.95/5,Average price may be skewed outliar > .5 BTC found
mssource,Drugs/RCs,PENTYLONE...!! 10 GRAM,PLZ ALWAYS READ MAIN PROFILE BEFORE ORDER ********************************************************************  Item::  Pentylone   Quanty:: 10 gram   Purity:: 99 8% Powder * High Definat ...,0.37034856961538465 BTC,World,WORLDWIDE,4.95/5,
mssource,Drugs/RCs,4-FMA...!! 500 GRAM,PLZ ALWAYS READ MAIN PROFILE BEFORE ORDER ********************************************************************  Item::  4-FMA    Quanty:: 500 gram   Purity:: 99 8% Powder *High Definition ...,5.13354144 BTC,World,WORLDWIDE,4.95/5,Average price may be skewed outliar > .5 BTC found
mssource,Drugs/RCs,PENTEDRONE...!! 100 GRAM,PLZ ALWAYS READ MAIN PROFILE BEFORE ORDER ********************************************************************  Item::  Pentedrone   Quanty:: 100 gram   Purity:: 99 8% Powder/Chrystaline  ...,1.732968022580645 BTC,World,WORLDWIDE,4.95/5,Average price may be skewed outliar > .5 BTC found
mssource,Drugs/RCs,MDPV...!! 50 GRAM,PLZ ALWAYS READ MAIN PROFILE BEFORE ORDER ********************************************************************  Item::  MDPV   Quanty:: 50 gram   Purity:: 99 8% Powder *High Definition   ...,1.3963769020512822 BTC,World,WORLDWIDE,4.95/5,
nanosuit1,Drugs/RCs,2.5g 4-mec 4mec similar to mephedrone (2.5 grams - 2500mg),This listing is for 2.5g badass quality 4-mec!  Comes straight from the chemist  golden quality! Good looking crystals! Good replacement for mephedrone - meow - mcat!  Item shipped stealth.  S ...,0.07942046449999998 BTC,EU,WorldWide,1~2 deals,
mssource,Drugs/RCs,3-MMC...!! 200 GRAM,PLZ ALWAYS READ MAIN PROFILE BEFORE ORDER ********************************************************************  Item::  3-MMC aka Ephedrone  (NOTE: We also have 2-MMC  4-MMC and N-MMC in stock! ...,4.227155172777778 BTC,World,WORLDWIDE,4.95/5,Average price may be skewed outliar > .5 BTC found
mssource,Drugs/RCs,4-MMC...!! 100 GRAM,PLZ ALWAYS READ MAIN PROFILE BEFORE ORDER ********************************************************************  Item::  4-MMC aka Drone  (NOTE: We also have 2-MMC and 3-MMC in stock!)   Quan ...,2.5479872122500002 BTC,World,WORLDWIDE,4.95/5,Average price may be skewed outliar > .5 BTC found
mssource,Drugs/RCs,PENTEDRONE...!! 50 GRAM,PLZ ALWAYS READ MAIN PROFILE BEFORE ORDER ********************************************************************  Item::  Pentedrone   Quanty:: 50 gram   Purity:: 99 8% Powder/Chrystaline * ...,1.2879436413333336 BTC,World,WORLDWIDE,4.95/5,
mssource,Drugs/RCs,BUPHEDRONE...!! 500 GRAM,PLZ ALWAYS READ MAIN PROFILE BEFORE ORDER ********************************************************************  Item::  Buphedrone   Quanty:: 500 gram   Purity:: 99 8% Powder *High Defini ...,5.366514734000001 BTC,World,WORLDWIDE,4.95/5,Average price may be skewed outliar > .5 BTC found
mssource,Drugs/RCs,3-MMC...!! 1 KG,PLZ ALWAYS READ MAIN PROFILE BEFORE ORDER ********************************************************************  Item::  3-MMC aka Ephedrone  (NOTE: We also have 2-MMC  4-MMC and N-MMC in stock! ...,9.226148788108107 BTC,World,WORLDWIDE,4.95/5,Average price may be skewed outliar > .5 BTC found
FREE,Drugs/RCs,20gr. 6-MAPB FREE SHIP WITH TRACK,This shipment is with tracking number. The shipment must be signed to receive it. In case that the track is stuck I offer 50% reship.,1.3114611128947369 BTC,China,,5.00/5,
mssource,Drugs/RCs,PENTEDRONE...!! 1 KG,PLZ ALWAYS READ MAIN PROFILE BEFORE ORDER ********************************************************************  Item::  Pentedrone   Quanty:: 1 Kg   Purity:: 99 8% Powder/Chrystaline * Hi ...,6.8003968671875 BTC,World,WORLDWIDE,4.95/5,Average price may be skewed outliar > .5 BTC found
mssource,Drugs/RCs,VEVP...!! 1 KG,PLZ ALWAYS READ MAIN PROFILE BEFORE ORDER ********************************************************************  Item::  VEVP   Quanty:: 1 Kg   Purity:: 99 8% HCL Powder *High Definition  ...,7.6419583527586195 BTC,World,WORLDWIDE,4.95/5,Average price may be skewed outliar > .5 BTC found
geoffreygiraffe,Drugs/RCs,3.5 Grams Pure α-PVP Powder: Aus/NZ,*******PGP IS REQUIRED. FULL FIRST AND LAST NAME MUST BE PROVIDED. ANY ORDER THAT DOES NOT MEET THESE REQUIREMENTS WILL BE CANCELLED. PLEASE SEE THE BOTTOM OF MY PROFILE FOR A QUICK HOW-TO IN PGP**** ...,0.16472802095238093 BTC,USA,,5.000/5,
mssource,Drugs/RCs,2-FA...!! 1 KG,PLZ ALWAYS READ MAIN PROFILE BEFORE ORDER ********************************************************************  Item::  2-FA    Quanty:: 1 Kg  Purity:: 99 8% Powder *High Definition   C ...,7.513577487999998 BTC,World,WORLDWIDE,4.95/5,Average price may be skewed outliar > .5 BTC found
mssource,Drugs/RCs,4-MMC...!! 500 GRAM,PLZ ALWAYS READ MAIN PROFILE BEFORE ORDER ********************************************************************  Item::  4-MMC aka Drone  (NOTE: We also have 2-MMC and 3-MMC in stock!)   Quan ...,7.238748312972971 BTC,World,WORLDWIDE,4.95/5,Average price may be skewed outliar > .5 BTC found
mssource,Drugs/RCs,4-FA...!! 20 GRAM,PLZ ALWAYS READ MAIN PROFILE BEFORE ORDER ********************************************************************  Item::  4-FA    Quanty:: 20 gram   Purity:: 99 8% Powder *High Definition  ...,0.8010367438888892 BTC,World,WORLDWIDE,4.95/5,
mssource,Drugs/RCs,VEVP...!! 50 GRAM,PLZ ALWAYS READ MAIN PROFILE BEFORE ORDER ********************************************************************  Item::  VEVP   Quanty:: 50 gram   Purity:: 99 8% HCL Powder *High Definitio ...,0.8485964675862067 BTC,World,WORLDWIDE,4.95/5,
mssource,Drugs/RCs,4-FA...!! 1 KG,PLZ ALWAYS READ MAIN PROFILE BEFORE ORDER ********************************************************************  Item::  4-FA    Quanty:: 1 Kg   Purity:: 99 8% Powder *High Definition    ...,7.699535119166664 BTC,World,WORLDWIDE,4.95/5,Average price may be skewed outliar > .5 BTC found
Jack_N_Hoff,Drugs/RCs,250 grams of pure a-PVP crystals,250 grams of a-PVP CRYSTALS express shipped with tracking.  Over 99% pure.  FE is required.   I lost almost 3 million US dollars worth of bitcoins in the last two months due to the escrow system o ...,4.227565019381444 BTC,China New Zealand  Russia  Finland  Germany or the Middle East.,Worldwide except Australia  New Zealand  Russia  Finland  Germany or the Middle East.,4.94/5,Average price may be skewed outliar > .5 BTC found
Jack_N_Hoff,Drugs/RCs,100 gram sample of big pure ethylone crystals,100 gram sample of big pure ethylone (3 4-methylenedioxy-N-ethylcathinone) crystals express shipped with tracking.  Ethylone is very similar to methylone.  The crystals are large rocks and white in ...,1.8931210198190047 BTC,China New Zealand  Russia  Finland  Germany or the Middle East.,Worldwide except Australia  New Zealand  Russia  Finland  Germany or the Middle East.,4.94/5,Average price may be skewed outliar > .5 BTC found
mssource,Drugs/RCs,4-FMC...!! 100 GRAM,PLZ ALWAYS READ MAIN PROFILE BEFORE ORDER ********************************************************************  Item::  4-FMC   Quanty:: 100 gram   Purity:: 99 8% Powder *High Definition  ...,1.720902815142857 BTC,World,WORLDWIDE,4.95/5,Average price may be skewed outliar > .5 BTC found
mssource,Drugs/RCs,4-BMC...!! 200 GRAM,PLZ ALWAYS READ MAIN PROFILE BEFORE ORDER ********************************************************************  Item::  4-BMC   Quanty:: 200 gram   Purity:: 99 8% Big/Smal Chrystals * Hig ...,3.8129183991176463 BTC,World,WORLDWIDE,4.95/5,Average price may be skewed outliar > .5 BTC found
mssource,Drugs/RCs,MDPBP...!! 200 GRAM,PLZ ALWAYS READ MAIN PROFILE BEFORE ORDER ********************************************************************  Item::  MDPBP   Quanty:: 200 gram   Purity:: 99 8% HCL Powder *High Definit ...,2.719150658275862 BTC,World,WORLDWIDE,4.95/5,Average price may be skewed outliar > .5 BTC found
mssource,Drugs/RCs,BUPHEDRONE...!! 100 GRAM,PLZ ALWAYS READ MAIN PROFILE BEFORE ORDER ********************************************************************  Item::  Buphedrone   Quanty:: 100 gram   Purity:: 99 8% Powder *High Defini ...,1.706365314375 BTC,World,WORLDWIDE,4.95/5,Average price may be skewed outliar > .5 BTC found
mssource,Drugs/RCs,3-MMC...!! 20 GRAM,PLZ ALWAYS READ MAIN PROFILE BEFORE ORDER ********************************************************************  Item::  3-MMC aka Ephedrone  (NOTE: We also have 2-MMC  4-MMC and N-MMC in stock! ...,0.8077139158333332 BTC,World,WORLDWIDE,4.95/5,
mssource,Drugs/RCs,4-FMA...!! 5 GRAM,PLZ ALWAYS READ MAIN PROFILE BEFORE ORDER ********************************************************************  Item::  4-FMA    Quanty:: 5 gram   Purity:: 99 8% Powder *High Definition  ...,0.1709752981818182 BTC,World,WORLDWIDE,4.95/5,
mssource,Drugs/RCs,3-MMC...!! 5 GRAM,PLZ ALWAYS READ MAIN PROFILE BEFORE ORDER ********************************************************************  Item::  3-MMC aka Ephedrone  (NOTE: We also have 2-MMC  4-MMC and N-MMC in stock! ...,0.2100823145 BTC,World,WORLDWIDE,4.95/5,
mssource,Drugs/RCs,2-FA...!! 5 GRAM,PLZ ALWAYS READ MAIN PROFILE BEFORE ORDER ********************************************************************  Item::  2-FA    Quanty:: 5 gram  Purity:: 99 8% Powder *High Definition    ...,0.16930695777777782 BTC,World,WORLDWIDE,4.95/5,
nanosuit1,Drugs/RCs,200mg 0.2g a-PVP sample  great MDPV replacement,This listing is for 200mg (0.2g) badass quality a-PVP!  Comes straight from the chemist  best quality! Good replacement for MDPV!  Item shipped stealth.  Ships from the EU from Hungary. Shoul ...,0.026932049799999996 BTC,EU,,1~2 deals,
nanosuit1,Drugs/RCs,0.5g 4-mec 4mec similar to mephedrone (0.5 grams - 500mg),**** PROMO for the first 5 x 0 5G ORDERS! $1 total cost with shipping! **** Do not order more than 1 x 0.5G or your order will be cancelled!!! Promos are only shipped once a week! After dropped off ...,0.017071331803278685 BTC,EU,EU,1~2 deals,
loveunderwill,Drugs/RCs,Alpha-PVP✭✭✭1000 Grams✭✭✭Free Ship w/ Tracking,✭Item: Alpha-PVP   ✭Quanty: 1000 grams   ✭Purity: 99 8% HCL  ******************************************************************** ********************************************************* ...,7.573355509565216 BTC,China,,~5/5,Average price may be skewed outliar > .5 BTC found
FREE,Drugs/RCs,100gr. 2 FMA FREE SHIP WITH TRACK,2-Fluoromethamphetamine (2-FMA) is a stimulant drug from the amphetamine family which has rarely been found possessed as a designer drug.  This shipment is with tracking number. The shipment must b ...,2.222713225671641 BTC,China,,5.00/5,Average price may be skewed outliar > .5 BTC found
nanosuit1,Drugs/RCs,3.5g 4-mec 4mec similar to mephedrone (3.5 grams - 3500mg),This listing is for 3.5g badass quality 4-mec!  Comes straight from the chemist  golden quality! Good looking crystals! Good replacement for mephedrone - meow - mcat!  Item shipped stealth.  S ...,0.11133681766666666 BTC,EU,WorldWide,1~2 deals,
loveunderwill,Drugs/RCs,Alpha-PVP✭✭✭250 Grams✭✭✭Free Ship w/ Tracking,✭Item: Alpha-PVP   ✭Quanty: 250 grams   ✭Purity: 99 8% HCL  ******************************************************************** ********************************************************** ...,3.288896760454546 BTC,China,,~5/5,Average price may be skewed outliar > .5 BTC found
loveunderwill,Drugs/RCs,Alpha-PVP✭✭✭500 Grams✭✭✭Free Ship w/ Tracking,✭Item: Alpha-PVP   ✭Quanty: 500 grams   ✭Purity: 99 8% HCL  ******************************************************************** ********************************************************** ...,5.048903672608696 BTC,China,,~5/5,Average price may be skewed outliar > .5 BTC found
loveunderwill,Drugs/RCs,Alpha-PVP✭✭✭100 Grams✭✭✭Free Ship w/ Tracking,✭Item: Alpha-PVP   ✭Quanty: 100 grams   ✭Purity: 99 8% HCL  ******************************************************************** ********************************************************** ...,2.0707868486363634 BTC,China,,~5/5,Average price may be skewed outliar > .5 BTC found
WestLovePower,Drugs/RCs,2 oz*** Ethylone,Custom Listing  Dosage 250mg - 300mg per person  Enjoy the energy boost!  If you have low ratings or are new I will require FE.  And please use PGP  I can't stress that enough.,1.2850001671428573 BTC,USA,USA,5.00/5,
alfapentedron,Drugs/RCs,PENTEDRONE new price 100 grams,PENTEDRONE  powder/crystal  FE not require in EU  not sending to australia and strange places   What is pentedrone? Pentedrone  also known as 2-(methylamino)-1-phenylpentan-1-one or α-methyla ...,1.2029803468181817 BTC,,,4.82/5,Average price may be skewed outliar > .5 BTC found
Althea,Drugs/RCs,100g - 5-Meo-MIPT,This listing is for 100 grams of 5-Meo-MIPT direct from the lab in china.  Quality is top notch. Shipping takes 1 to 3 weeks depending where you live.  FE required. Free Shipping and tracking numbe ...,1.7743639055263152 BTC,China,,~5/5,Average price may be skewed outliar > .5 BTC found
Someguy9191,Drugs/RCs,AB-PINACA - 1G - 99% Pure,This listing is for the cannabinoid AB-PINACA  legal in all 50 states to my knowledge and used to make incense (spice  k2  etc).  The product comes in a fine white powder  Feel free to message me ...,0.03540716607142858 BTC,USA,USA,4.79/5,
nanosuit1,Drugs/RCs,1g 4-mec 4mec similar to mephedrone (1 grams - 1000mg),This listing is for 1g badass quality 4-mec!  Comes straight from the chemist  golden quality! Good looking crystals! Good replacement for mephedrone - meow - mcat!  Item shipped stealth.  Shi ...,0.03544408619047618 BTC,EU,WorldWide,1~2 deals,
wertu,Drugs/RCs,1 g Mephedrone Flintstone Rock,Limited Quantity Famous Mephedrone Rocks Best Quality on the Dark web,0.07713321888888892 BTC,EU NZ & Russia,WW except AUS  NZ & Russia,4.54/5,
TorChem,Drugs/RCs,25x 3mg DOB Blotters,We offer self-laid DOB tabs. Each tab contains 3mg of DOB (2 5-dimethoxy-4-Bromoamphetamine) HCl.  Strong-very strong trip. Suitable for experienced users. Visuals are very pronounced  stimulation  ...,0.31857883752293575 BTC,EU,Worldwide,~5/5,
Someguy9191,Drugs/RCs,Ethylphenidate - 5G - 98% Pure,This listing is for 98% Pure Ethylphenidate.   This product comes in a white rocky powder.    For more info view this: http://en.wikipedia.org/wiki/Ethylphenidate   Feel free to message me if ...,0.23604780285714289 BTC,USA,USA,4.79/5,
MaximusDecimus,Drugs/RCs,Mephedrone Alternative | 4-MEC | 7 Grams for £50,Hello all.  This listing is for a 7 Grams of 4-MEC  the product I'm selling is uncut and of very good quality  this is what most people are selling as Mephedrone  It is of very pure quality 98&+ an ...,0.2049023118181818 BTC,UK,United Kingdom,5.00/5,
loveunderwill,Drugs/RCs,Alpha-PVP✭✭✭50 Grams✭✭✭Free Ship w/ Tracking,✭Item: Alpha-PVP   ✭Quanty: 50 grams   ✭Purity: 99 8% HCL  ******************************************************************** *********************************************************** ...,1.202119918695652 BTC,China,,~5/5,
lance.armstr0ng,Drugs/RCs,10x40mg Ethylphenidate Caps - Ritalin Analogue 99% purity,> Ethylphenidate (EP) is a psychostimulant and a close analog of methylphenidate. The two drugs have very similar pharmacological effects.  Doping for your brain! Study like never before with my f ...,0.07799123147058823 BTC,Germany,,5.00/5,
Someguy9191,Drugs/RCs,Ethylphenidate - 1G - 98% Pure,This listing is for 98% Pure Ethylphenidate.   This product comes in a white rocky powder.    For more info view this: http://en.wikipedia.org/wiki/Ethylphenidate   ***This Product Will Be On ...,0.04675452344827586 BTC,USA,USA,4.79/5,
lance.armstr0ng,Drugs/RCs,10x20mg Ethylphenidate Caps - Ritalin Analogue - 99% purity,> Ethylphenidate (EP) is a psychostimulant and a close analog of methylphenidate. The two drugs have very similar pharmacological effects.  Doping for your brain! Study like never before with my f ...,0.03982846038461539 BTC,Germany,,5.00/5,
Althea,Drugs/RCs,10g - 5-Meo-MIPT,This listing is for 10 grams of 5-Meo-MIPT direct from the lab in china.  Quality is top notch. Shipping takes 1 to 3 weeks depending where you live.  FE required. Free Shipping and tracking number ...,0.6711630908108106 BTC,China,,~5/5,
rc4me,Drugs/RCs,a-PBP - 1000g,IUPAC : (RS)-1-phenyl-2-(1-pyrrolidinyl)-1-butanone  Pure a-PBP Hydrochloride from manufacture  1) EMS worldwide : + Shipping from China. + Tracking is providing. + Signature is required.  W ...,8.663863101666662 BTC,China,,~5/5,Average price may be skewed outliar > .5 BTC found
rc4me,Drugs/RCs,MDPPP - 1000g,IUPAC : (RS)-1-(3 4-methylenedioxyphenyl)-2-(1-pyrrolidinyl)-1-propanone  Pure MDPPP Hydrochloride from manufacture  1) EMS worldwide : + Shipping from China. + Tracking is providing. + Signat ...,9.390279544112904 BTC,China,,~5/5,Average price may be skewed outliar > .5 BTC found
rc4me,Drugs/RCs,a-PVT - 250g,IUPAC : 2-(pyrrolidin-1-yl)-1-(thiophen-2-yl)pentan-1-one  Pure a-PVT  Hydrochloride from manufacture  1) EMS worldwide : + Shipping from China. + Tracking is providing. + Signature is require ...,4.135730775760003 BTC,China,,~5/5,Average price may be skewed outliar > .5 BTC found
rc4me,Drugs/RCs,Ethylphenidate (Big Crystals) - 25g,IUPAC name :(RS)-ethyl 2-phenyl-2-piperidin-2-ylacetate  Pure Ethylphenidate (Big Crystals) Hydrochloride  from manufacture  1) EMS worldwide : + Shipping from China. + Tracking is providing.  ...,1.337694220937501 BTC,China,,~5/5,Average price may be skewed outliar > .5 BTC found
rc4me,Drugs/RCs,a-PPP - 1000g,IUPAC : (RS)-1-Phenyl-2-(1-pyrrolidinyl)-1-propanone  Pure a-PPP  Hydrochloride from manufacture  1) EMS worldwide : + Shipping from China. + Tracking is providing. + Signature is required.   ...,6.263675827777778 BTC,China,,~5/5,Average price may be skewed outliar > .5 BTC found
rc4me,Drugs/RCs,3 4-CTMP - 500g,IUPAC : Methyl (2R)-2-(3 4-dichlorophenyl)-2-[(2R)-piperidin-2-yl]acetate  Pure 3 4-CTMP   from manufacture  1) EMS worldwide : + Shipping from China. + Tracking is providing. + Signature is r ...,11.556874320645159 BTC,China,,~5/5,Average price may be skewed outliar > .5 BTC found
rc4me,Drugs/RCs,Ethylphenidate (Big Crystals) - 50g,IUPAC name :(RS)-ethyl 2-phenyl-2-piperidin-2-ylacetate  Pure Ethylphenidate (Big Crystals) Hydrochloride  from manufacture  1) EMS worldwide : + Shipping from China. + Tracking is providing.  ...,2.141567908031495 BTC,China,,~5/5,Average price may be skewed outliar > .5 BTC found
rc4me,Drugs/RCs,Ethylone (bk-MDEA) - 1000g,IUPAC : (RS)-1-(1 3-benzodioxol-5-yl)-2-(ethylamino)propan-1-one  Pure Ethylone   from manufacture  1) EMS worldwide : + Shipping from China. + Tracking is providing. + Signature is required.  ...,13.247504629603183 BTC,China,,~5/5,Average price may be skewed outliar > .5 BTC found
rc4me,Drugs/RCs,A-PVP (powder) - 5g,IUPAC : (RS)-1-phenyl-2-(1-pyrrolidinyl)-1-pentanone  Pure A-PVP Hydrochloride from manufacture  1) EMS worldwide : + Shipping from China. + Tracking is providing. + Signature is required.   ...,0.5819255805555551 BTC,China,,~5/5,
rc4me,Drugs/RCs,Ethylphenidate (Big Crystals) - 10g,IUPAC name :(RS)-ethyl 2-phenyl-2-piperidin-2-ylacetate  Pure Ethylphenidate (Big Crystals) Hydrochloride  from manufacture  1) EMS worldwide : + Shipping from China. + Tracking is providing.  ...,0.8135860110317461 BTC,China,,~5/5,
rc4me,Drugs/RCs,Ethylphenidate (Big Crystals) - 500g,IUPAC name :(RS)-ethyl 2-phenyl-2-piperidin-2-ylacetate  Pure Ethylphenidate (Big Crystals) Hydrochloride  from manufacture  1) EMS worldwide : + Shipping from China. + Tracking is providing.  ...,7.799779156959999 BTC,China,,~5/5,Average price may be skewed outliar > .5 BTC found
rc4me,Drugs/RCs,MPA - 1000g,IUPAC : 1-(thiophen-2-yl)-2-methylaminopropane  Pure MPA  Hydrochloride from manufacture  1) EMS worldwide : + Shipping from China. + Tracking is providing. + Signature is required.  We need ...,13.190510628157892 BTC,China,,~5/5,Average price may be skewed outliar > .5 BTC found
rc4me,Drugs/RCs,3 4-CTMP - 100g,IUPAC : Methyl (2R)-2-(3 4-dichlorophenyl)-2-[(2R)-piperidin-2-yl]acetate  Pure 3 4-CTMP   from manufacture  1) EMS worldwide : + Shipping from China. + Tracking is providing. + Signature is r ...,3.608031689919355 BTC,China,,~5/5,Average price may be skewed outliar > .5 BTC found
rc4me,Drugs/RCs,a-PVT - 50g,IUPAC : 2-(pyrrolidin-1-yl)-1-(thiophen-2-yl)pentan-1-one  Pure a-PVT  Hydrochloride from manufacture  1) EMS worldwide : + Shipping from China. + Tracking is providing. + Signature is require ...,1.9861639191338565 BTC,China,,~5/5,Average price may be skewed outliar > .5 BTC found
rc4me,Drugs/RCs,4-FMA - 100g,IUPAC name : (RS)-1-(4-fluorophenyl)-N-methylpropan-2-amine  Pure 4-FMA Hydrochloride from manufacture  1) EMS worldwide : + Shipping from China. + Tracking is providing. + Signature is requir ...,3.383536971190477 BTC,China,,~5/5,Average price may be skewed outliar > .5 BTC found
RCS4YOU,Drugs/RCs,FLUX Compact Disc Cleaner 160mg 4-FMP(4-FA) 5x,"FLUX Compact Disc Cleaner 160mg 4-FMP(4-FA) 5x  Please research before use!  4-Fluoroamphetamine (4-FA; PAL-303; ""Flux"")  also known as para-fluoroamphetamine (PFA) is a psychoactive research che ...",0.10444082 BTC,Netherlands,,[0 deals],
rc4me,Drugs/RCs,a-PPP - 50g,IUPAC : (RS)-1-Phenyl-2-(1-pyrrolidinyl)-1-propanone  Pure a-PPP  Hydrochloride from manufacture  1) EMS worldwide : + Shipping from China. + Tracking is providing. + Signature is required.   ...,1.2634371744444446 BTC,China,,~5/5,
rc4me,Drugs/RCs,A-PVP (Big Crystals) - 10g,IUPAC : (RS)-1-phenyl-2-(1-pyrrolidinyl)-1-pentanone  Pure A-PVP Hydrochloride from manufacture  1) EMS worldwide : + Shipping from China. + Tracking is providing. + Signature is required.   ...,0.8219797741463415 BTC,China,,~5/5,
rc4me,Drugs/RCs,Butylone (bk-MBDB) - 1000g,IUPAC : 1-(1 3-benzodioxol-5-yl)-2-(methylamino)butan-1-one  Pure bk-MBDB Hydrochloride from manufacture  1) EMS worldwide : + Shipping from China. + Tracking is providing. + Signature is requ ...,9.343950438455284 BTC,China,,~5/5,Average price may be skewed outliar > .5 BTC found
rc4me,Drugs/RCs,4-FA - 1000g,IUPAC name : (RS)-1-(4-Fluorophenyl)propan-2-amine  Pure 4FA Hydrochloride from manufacture  1) EMS worldwide : + Shipping from China. + Tracking is providing. + Signature is required.  We n ...,12.229259195826765 BTC,China,,~5/5,Average price may be skewed outliar > .5 BTC found
rc4me,Drugs/RCs,Butylone (bk-MBDB) - 250g,IUPAC : 1-(1 3-benzodioxol-5-yl)-2-(methylamino)butan-1-one  Pure bk-MBDB Hydrochloride from manufacture  1) EMS worldwide : + Shipping from China. + Tracking is providing. + Signature is requ ...,3.964980930400002 BTC,China,,~5/5,Average price may be skewed outliar > .5 BTC found
rc4me,Drugs/RCs,Ethylone (bk-MDEA) - 100g,IUPAC : (RS)-1-(1 3-benzodioxol-5-yl)-2-(ethylamino)propan-1-one  Pure Ethylone   from manufacture  1) EMS worldwide : + Shipping from China. + Tracking is providing. + Signature is required.  ...,3.2493459911904763 BTC,China,,~5/5,Average price may be skewed outliar > .5 BTC found
rc4me,Drugs/RCs,4-FMA - 250g,IUPAC name : (RS)-1-(4-fluorophenyl)-N-methylpropan-2-amine  Pure 4-FMA Hydrochloride from manufacture  1) EMS worldwide : + Shipping from China. + Tracking is providing. + Signature is requir ...,5.370300178031493 BTC,China,,~5/5,Average price may be skewed outliar > .5 BTC found
rc4me,Drugs/RCs,Ethylone (bk-MDEA) - 5g,IUPAC : (RS)-1-(1 3-benzodioxol-5-yl)-2-(ethylamino)propan-1-one  Pure Ethylone   from manufacture  1) EMS worldwide : + Shipping from China. + Tracking is providing. + Signature is required.  ...,0.6261470857936507 BTC,China,,~5/5,
rc4me,Drugs/RCs,Ethylone (bk-MDEA) - 25g,IUPAC : (RS)-1-(1 3-benzodioxol-5-yl)-2-(ethylamino)propan-1-one  Pure Ethylone   from manufacture  1) EMS worldwide : + Shipping from China. + Tracking is providing. + Signature is required.  ...,1.258479295950413 BTC,China,,~5/5,Average price may be skewed outliar > .5 BTC found
rc4me,Drugs/RCs,Pentedrone ( Big Crystals) - 250g,IUPAC : (±)-1-phenyl-2-(methylamino)pentan-1-one  Pure Pentedrone Hydrochloride from manufacture  1) EMS worldwide : + Shipping from China. + Tracking is providing. + Signature is required.   ...,3.989925928387098 BTC,China,,~5/5,Average price may be skewed outliar > .5 BTC found
rc4me,Drugs/RCs,A-PVP (Big Crystals) - 500g,IUPAC : (RS)-1-phenyl-2-(1-pyrrolidinyl)-1-pentanone  Pure A-PVP Hydrochloride from manufacture  1) EMS worldwide : + Shipping from China. + Tracking is providing. + Signature is required.   ...,5.955651955999998 BTC,China,,~5/5,Average price may be skewed outliar > .5 BTC found
rc4me,Drugs/RCs,a-PBP - 10g,IUPAC : (RS)-1-phenyl-2-(1-pyrrolidinyl)-1-butanone  Pure a-PBP Hydrochloride from manufacture  1) EMS worldwide : + Shipping from China. + Tracking is providing. + Signature is required.  W ...,0.754884808934426 BTC,China,,~5/5,
rc4me,Drugs/RCs,3 4-CTMP - 250g,IUPAC : Methyl (2R)-2-(3 4-dichlorophenyl)-2-[(2R)-piperidin-2-yl]acetate  Pure 3 4-CTMP   from manufacture  1) EMS worldwide : + Shipping from China. + Tracking is providing. + Signature is r ...,6.647003660894314 BTC,China,,~5/5,Average price may be skewed outliar > .5 BTC found
FREE,Drugs/RCs,100gr. Apvp Rock FREE SHIP WITH TRACK,This shipment is with tracking number. The shipment must be signed to receive it. In case that the track is stuck I offer 50% reship.,2.104476716 BTC,China,,5.00/5,Average price may be skewed outliar > .5 BTC found
ReconnoiterConscious,Drugs/RCs,200mg Sampler 4-BMC,4-BMC is a research chemical similar to the substituted cathinone 4-MEC.,0.018986174571428573 BTC,USA,,4.658/5,
SusnaSmith,Drugs/RCs,5 Grams Ethylphenidate,This listing is for 5 grams of Ethylphenidate.  It is in powder form.  This is a Ritalin analog.  Most people report that is stronger but shorter duration than Ritalin.,0.33018257171875015 BTC,USA,Worldwide,4.988/5,
FREE,Drugs/RCs,100gr. AH-7921 FREE SHIP WITH TRACK,This shipment is with tracking number. The shipment must be signed to receive it. In case that the track is stuck I offer 50% reship.,2.8737293216666666 BTC,China,,5.00/5,Average price may be skewed outliar > .5 BTC found
drzheng,Drugs/RCs,20g crystal DIMETHYLONE- FREE worldwide shipping,20g of pure small CRYSTAL DIMETHYLONE (bk-mddma) shipped worldwide using discreet methods.  For more info please see our profile.  Please note:  Different batches may have different texture and ...,0.8111501775000004 BTC,World,,4.99/5,
rc4me,Drugs/RCs,3 4-CTMP - 25g,IUPAC : Methyl (2R)-2-(3 4-dichlorophenyl)-2-[(2R)-piperidin-2-yl]acetate  Pure 3 4-CTMP   from manufacture  1) EMS worldwide : + Shipping from China. + Tracking is providing. + Signature is r ...,1.3409345853781522 BTC,China,,~5/5,
ChinaChem,Drugs/RCs,100g AB-FUBINACA,Product information AB-FUBINACA:  CAS number: 1185282-01-2  Formula: C20H21FN4O2  Purity(HPLC): 99.5%  Characteristics: White powder  For more information's about our reship policy  please  ...,1.3383817944444445 BTC,China,,5.00/5,Average price may be skewed outliar > .5 BTC found
advancedgrowthlabs,Drugs/RCs,Aromasin ( Exemestane) 25mg/ml 30ml,For sale is a 30ml bottle of exemestane at 25mg/ml. Shake before use!  Comes with 1cc syringe for measuring.  This has standard RC taste  so don't expect it to taste delicious.,0.13235063896551721 BTC,USA,,4.994/5,
FREE,Drugs/RCs,500gr. MDPPP FREE SHIP WITH TRACK,This shipment is with tracking number. The shipment must be signed to receive it. In case that the track is stuck I offer 50% reship.,5.284917642352942 BTC,China,,5.00/5,Average price may be skewed outliar > .5 BTC found
Evangitis,Drugs/RCs,14g 2-FMA,14g 2-FMA; 2-Fluoromethamphetamine,0.890950569375 BTC,USA,USA,5.00/5,
EverythingOnIt,Drugs/RCs,1000g A-PVP 99% Pure Rock Crystals,1000g of A-PVP 99% Pure Rock Crystals  FE Free express shipping Or  Non-FE express shipping option is available  Tracking Number will be provided for either options  It takes 5-10 working day ...,7.435601148611111 BTC,China,,5.00/5,Average price may be skewed outliar > .5 BTC found
NoQuarter,Drugs/RCs,3.5g 4-FA Pure Product,<><><><><><><><><><><><><><><><><><><><><><><><><><>  From the shore to your door. Bad Ass 4-FA.  For those unfamiliar and looking for an mdma/m1 alternative  give 4fa a try. A stimulant with som ...,0.16451999434782608 BTC,USA,USA,5.00/5,
Fappy,Drugs/RCs,Pentedrone 10g,Pentedrone (HCL)  Produces a clear headed stimulant effects and mild euphoria. Great for working or socializing!  The comedown is mild and relaxing  allowing for a good night sleep afterwards  no  ...,0.44847345151515144 BTC,Canada USA  UK  EU,Canada  USA  UK  EU,4.96/5,
FREE,Drugs/RCs,50gr. 6-APB  FREE SHIP WITH TRACK,This shipment is with tracking number. The shipment must be signed to receive it. In case that the track is stuck I offer 50% reship.,2.166891768285714 BTC,China,,5.00/5,Average price may be skewed outliar > .5 BTC found
FREE,Drugs/RCs,10gr. 5-MAPBD  FREE SHIP WITH TRACK,This shipment is with tracking number. The shipment must be signed to receive it. In case that the track is stuck I offer 50% reship.,1.2075970000000003 BTC,China,,5.00/5,
FREE,Drugs/RCs,200gr. 5-MAPBD  FREE SHIP WITH TRACK,This shipment is with tracking number. The shipment must be signed to receive it. In case that the track is stuck I offer 50% reship.,6.109295891351352 BTC,China,,5.00/5,Average price may be skewed outliar > .5 BTC found
ChinaChem,Drugs/RCs,Sample 4-FMC,CAS number: 7589-35-7 Formula: C10H13FClNO Purity(HPLC): 99.5% Characteristics: White crystalline powder  Flephedrone  also known as 4-fluoromethcathinone (4-FMC)  is a stimulant drug of the cat ...,0.08450613366972479 BTC,China,Worldwide,5.00/5,
geoffreygiraffe,Drugs/RCs,1 Gram α-PVP Powder,Hello there  Ladies and Gentlemen.  I’m Geoffrey Giraffe  and I am here to provide top quality products for reasonable prices.  I believe in honest representations of my products as well as chemical  ...,0.04627963333333334 BTC,USA Canada  W. Europe,USA  Canada  W. Europe,5.000/5,
Fappy,Drugs/RCs,MAL 250mg,250mg MAL (Methallylescaline) HCL  Pristine batch of MAL 99%+ pure  straight from the lab  For experienced users only  please do your own research and use diligently.  Oral Dose: 40–65 mg Dura ...,0.049559203600000004 BTC,Canada USA  UK  EU,Canada  USA  UK  EU,4.96/5,
rc4me,Drugs/RCs,Pentedrone (Big Crystals) - 500g,IUPAC : (±)-1-phenyl-2-(methylamino)pentan-1-one  Pure Pentedrone Hydrochloride from manufacture  1) EMS worldwide : + Shipping from China. + Tracking is providing. + Signature is required.   ...,6.155276357886178 BTC,China,,~5/5,Average price may be skewed outliar > .5 BTC found
FREE,Drugs/RCs,100gr.  4-EMC FREE SHIP WITH TRACK,This shipment is with tracking number. The shipment must be signed to receive it. In case that the track is stuck I offer 50% reship.,1.9231391675000005 BTC,China,,5.00/5,Average price may be skewed outliar > .5 BTC found
Fappy,Drugs/RCs,100 x 4-AcO-DMT Capsules 20mg,100 x 4-AcO-DMT Capsules 20mg Fumarate  Excellent 4-AcO-DMT 99%+ pure  straight from the lab  For experienced users only  please do your own research and use diligently.  Duration: 6-8 hrs  O ...,1.3281916572222223 BTC,Canada USA  UK  EU,Canada  USA  UK  EU,4.96/5,
rc4me,Drugs/RCs,MPA - 10g,IUPAC : 1-(thiophen-2-yl)-2-methylaminopropane  Pure MPA  Hydrochloride from manufacture  1) EMS worldwide : + Shipping from China. + Tracking is providing. + Signature is required.  We need ...,0.8106854724347828 BTC,China,,~5/5,
FREE,Drugs/RCs,10gr.5-APB FREE SHIP WITH TRACK,This shipment is with tracking number. The shipment must be signed to receive it. In case that the track is stuck I offer 50% reship.,0.9604506261111116 BTC,China,,5.00/5,
ChinaChem,Drugs/RCs,sample a-php (PV7) (apvp related),“alpha-PHP is a stimulant similar in dosing and effects to MDPV and alpha-PVP  I had already a pleasure to try this a couple of times … I found it a bit stronger than alpha-PVP but with less side eff ...,0.06561539853658538 BTC,China,,5.00/5,
FREE,Drugs/RCs,5gr. Apvp Rock FREE SHIP WITH TRACK,This shipment is with tracking number. The shipment must be signed to receive it. In case that the track is stuck I offer 50% reship.,0.4258980783720929 BTC,China,,5.00/5,
FREE,Drugs/RCs,200gr. 5-MAPB FREE SHIP WITH TRACK,This shipment is with tracking number. The shipment must be signed to receive it. In case that the track is stuck I offer 50% reship.,5.365596866111109 BTC,China,,5.00/5,Average price may be skewed outliar > .5 BTC found
PsiloManufacture,Drugs/RCs,1g TOP QUALITY 3mmc 3-MMC  Metaphedron similar to 4MMC clean high!!!,Hi guys   I offer 1 gram 3MMC crystal. Very strong and fresh batch. Gives a real clean nice euphoria. It stimulates the release of serotonin - the hormone of happiness.  The best part is that t ...,0.0669488448305085 BTC,EU,Worldwide,4.85/5,
HigherGroundsNL,Drugs/RCs,500 mg 4-FMP top quality,This is my party favorite for sure! Euphoria  but not complete wasted as with XTC.  And the duration (5 hour) is also pretttyyy!!!  500 mg for €12 50   - For shipping  please check profile!  ...,0.023255713571428575 BTC,Netherlands,,4.82/5,
SusnaSmith,Drugs/RCs,2 Grams Ethylphenidate,This listing is for 2 grams of Ethylphenidate.  It is in powder form.  This is a Ritalin analog.  Most people report that is stronger but shorter duration than Ritalin.,0.14850087793650796 BTC,USA,Worldwide,4.988/5,
mssource,Drugs/RCs,2-FMA...!! 20 GRAM,PLZ ALWAYS READ MAIN PROFILE BEFORE ORDER ********************************************************************  Item::  2-FMA    Quanty:: 20 gram   Purity:: 99 8% Powder *High Definition  ...,0.8191501637931036 BTC,World,WORLDWIDE,4.95/5,
mssource,Drugs/RCs,A-PVP...!! 500 GRAM,PLZ ALWAYS READ MAIN PROFILE BEFORE ORDER ********************************************************************  Item::  A-PVP   Quanty:: 500 gram   Purity:: 99 8% HCL Transparent Chrystal ...,4.618459381290323 BTC,World,WORLDWIDE,4.95/5,Average price may be skewed outliar > .5 BTC found
mssource,Drugs/RCs,PENTEDRONE...!! 10 GRAM,PLZ ALWAYS READ MAIN PROFILE BEFORE ORDER ********************************************************************  Item::  Pentedrone   Quanty:: 10 gram   Purity:: 99 8% Powder/Chrystaline * ...,0.3773873425806452 BTC,World,WORLDWIDE,4.95/5,
mssource,Drugs/RCs,3-FA...!! 5 GRAM,PLZ ALWAYS READ MAIN PROFILE BEFORE ORDER ********************************************************************  Item::  3-FA   Quanty:: 5 gram   Purity:: 99 8% Powder *High Definition   ...,0.18187282095238097 BTC,World,WORLDWIDE,4.95/5,
FREE,Drugs/RCs,100gr. 6-APB  FREE SHIP WITH TRACK,This shipment is with tracking number. The shipment must be signed to receive it. In case that the track is stuck I offer 50% reship.,3.8632748982352942 BTC,China,,5.00/5,Average price may be skewed outliar > .5 BTC found
mssource,Drugs/RCs,A-PVP...!! 50 GRAM,PLZ ALWAYS READ MAIN PROFILE BEFORE ORDER ********************************************************************  Item::  A-PVP   Quanty:: 50 gram   Purity:: 99 8% HCL Transparent Chrystals ...,1.0649098745161285 BTC,World,WORLDWIDE,4.95/5,
mssource,Drugs/RCs,3-MMC...!! 10 GRAM,PLZ ALWAYS READ MAIN PROFILE BEFORE ORDER ********************************************************************  Item::  3-MMC aka Ephedrone  (NOTE: We also have 2-MMC  4-MMC and N-MMC in stock! ...,0.3249718382142857 BTC,World,WORLDWIDE,4.95/5,
mssource,Drugs/RCs,PENTYLONE...!! 50 GRAM,PLZ ALWAYS READ MAIN PROFILE BEFORE ORDER ********************************************************************  Item::  Pentylone   Quanty:: 50 gram   Purity:: 99 8% Powder * High Definat ...,1.2699217843750001 BTC,World,WORLDWIDE,4.95/5,
mssource,Drugs/RCs,A-PVP...!! 10 GRAM,PLZ ALWAYS READ MAIN PROFILE BEFORE ORDER ********************************************************************  Item::  A-PVP   Quanty:: 10 gram   Purity:: 99 8% HCL Transparent Chrystals ...,0.3452749396153847 BTC,World,WORLDWIDE,4.95/5,
mssource,Drugs/RCs,MDPV...!! 500 GRAM,PLZ ALWAYS READ MAIN PROFILE BEFORE ORDER ********************************************************************  Item::  MDPV   Quanty:: 500 gram   Purity:: 99 8% Powder *High Definition  ...,6.88117470111111 BTC,World,WORLDWIDE,4.95/5,Average price may be skewed outliar > .5 BTC found
mssource,Drugs/RCs,4F-PVP...!! 20 GRAM,PLZ ALWAYS READ MAIN PROFILE BEFORE ORDER ********************************************************************  Item::  4F-PVP   Quanty:: 20 gram   Purity:: 99 8% HCL Transparent Chrystal ...,0.6902011096296297 BTC,World,WORLDWIDE,4.95/5,
mssource,Drugs/RCs,4-FA...!! 200 GRAM,PLZ ALWAYS READ MAIN PROFILE BEFORE ORDER ********************************************************************  Item::  4-FA    Quanty:: 200 gram   Purity:: 99 8% Powder *High Definition  ...,3.5025252010810815 BTC,World,WORLDWIDE,4.95/5,Average price may be skewed outliar > .5 BTC found
mssource,Drugs/RCs,4F-PVP...!! 5 GRAM,PLZ ALWAYS READ MAIN PROFILE BEFORE ORDER ********************************************************************  Item::  4F-PVP   Quanty:: 5 gram   Purity:: 99 8% HCL Transparent Chrystals ...,0.167675365 BTC,World,WORLDWIDE,4.95/5,
mssource,Drugs/RCs,ETHYLPHENIDATE...!! 100 GRAM,PLZ ALWAYS READ MAIN PROFILE BEFORE ORDER ********************************************************************  Item::  Ethylphenidate EP   Quanty:: 100 gram   Purity:: 99 8% Big Chrystal ...,2.1360079309090914 BTC,World,WORLDWIDE,4.95/5,Average price may be skewed outliar > .5 BTC found
FREE,Drugs/RCs,20gr. 5-MAPB FREE SHIP WITH TRACK,This shipment is with tracking number. The shipment must be signed to receive it. In case that the track is stuck I offer 50% reship.,1.5639742766666667 BTC,China,,5.00/5,Average price may be skewed outliar > .5 BTC found
mssource,Drugs/RCs,MDDMV...!! 200 GRAM,PLZ ALWAYS READ MAIN PROFILE BEFORE ORDER ********************************************************************  Item::  MDDMV   Quanty:: 200 gram   Purity:: 99 8% Chrystal *High Definitio ...,2.7724694000000007 BTC,World,WORLDWIDE,4.95/5,Average price may be skewed outliar > .5 BTC found
mssource,Drugs/RCs,ETHYLPHENIDATE...!! 50 GRAM,PLZ ALWAYS READ MAIN PROFILE BEFORE ORDER ********************************************************************  Item::  Ethylphenidate EP   Quanty:: 50 gram   Purity:: 99 8% Big Chrystals ...,1.5240787521212118 BTC,World,WORLDWIDE,4.95/5,Average price may be skewed outliar > .5 BTC found
mssource,Drugs/RCs,2-FA...!! 100 GRAM,PLZ ALWAYS READ MAIN PROFILE BEFORE ORDER ********************************************************************  Item::  2-FA    Quanty:: 100 gram  Purity:: 99 8% Powder *High Definition   ...,2.209797404285715 BTC,World,WORLDWIDE,4.95/5,Average price may be skewed outliar > .5 BTC found
mssource,Drugs/RCs,BUPHEDRONE...!! 10 GRAM,PLZ ALWAYS READ MAIN PROFILE BEFORE ORDER ********************************************************************  Item::  Buphedrone   Quanty:: 10 gram   Purity:: 99 8% Powder *High Definit ...,0.34940996799999996 BTC,World,WORLDWIDE,4.95/5,
rainbowbear,Drugs/RCs,50 gram 4-FA 4-Fluoroamphetamine,50 gram 4-FA 4-Fluoroamphetamine ( Free Shipping ) Must FE on all international orders. Tracking offered on 100 gram orders and up.    Thank You RB,1.1283731158333332 BTC,China,,5.00/5,
mssource,Drugs/RCs,VEVP...!! 10 GRAM,PLZ ALWAYS READ MAIN PROFILE BEFORE ORDER ********************************************************************  Item::  VEVP   Quanty:: 10 gram   Purity:: 99 8% HCL Powder *High Definitio ...,0.335252455 BTC,World,WORLDWIDE,4.95/5,
mssource,Drugs/RCs,3-FA...!! 50 GRAM,PLZ ALWAYS READ MAIN PROFILE BEFORE ORDER ********************************************************************  Item::  3-FA   Quanty:: 50 gram   Purity:: 99 8% Powder *High Definition   ...,1.270063231666667 BTC,World,WORLDWIDE,4.95/5,
mssource,Drugs/RCs,MDPPP...!! 500 GRAM,PLZ ALWAYS READ MAIN PROFILE BEFORE ORDER ********************************************************************  Item::  MDPPP   Quanty:: 500 gram   Purity:: 99 8% HCL Powder *High Definit ...,4.711109340689654 BTC,World,WORLDWIDE,4.95/5,Average price may be skewed outliar > .5 BTC found
mssource,Drugs/RCs,4F-PVP...!! 500 GRAM,PLZ ALWAYS READ MAIN PROFILE BEFORE ORDER ********************************************************************  Item::  4F-PVP   Quanty:: 500 gram   Purity:: 99 8% HCL Transparent Chrysta ...,3.973959719655174 BTC,World,WORLDWIDE,4.95/5,Average price may be skewed outliar > .5 BTC found
mssource,Drugs/RCs,2-FMA...!! 10 GRAM,PLZ ALWAYS READ MAIN PROFILE BEFORE ORDER ********************************************************************  Item::  2-FMA    Quanty:: 10 gram   Purity:: 99 8% Powder *High Definition  ...,0.3992036513043479 BTC,World,WORLDWIDE,4.95/5,
mssource,Drugs/RCs,4-FA...!! 50 GRAM,PLZ ALWAYS READ MAIN PROFILE BEFORE ORDER ********************************************************************  Item::  4-FA    Quanty:: 50 gram   Purity:: 99 8% Powder *High Definition  ...,1.292052181714286 BTC,World,WORLDWIDE,4.95/5,
mssource,Drugs/RCs,MDPBP...!! 1 KG,PLZ ALWAYS READ MAIN PROFILE BEFORE ORDER ********************************************************************  Item::  MDPBP   Quanty:: 1 Kg   Purity:: 99 8% HCL Powder *High Definition  ...,7.007300588620691 BTC,World,WORLDWIDE,4.95/5,Average price may be skewed outliar > .5 BTC found
mssource,Drugs/RCs,PENTYLONE...!! 20 GRAM,PLZ ALWAYS READ MAIN PROFILE BEFORE ORDER ********************************************************************  Item::  Pentylone   Quanty:: 20 gram   Purity:: 99 8% Powder * High Definat ...,0.7407530184615388 BTC,World,WORLDWIDE,4.95/5,
mssource,Drugs/RCs,MDDMV...!! 10 GRAM,PLZ ALWAYS READ MAIN PROFILE BEFORE ORDER ********************************************************************  Item::  MDDMV   Quanty:: 10 gram   Purity:: 99 8% Chrystal *High Definition ...,0.33544766565217393 BTC,World,WORLDWIDE,4.95/5,
Fappy,Drugs/RCs,LSZ 5x Blotters 110mcg,Freshly laid 110mcg LSZ 5x Blotters  lysergic acid 2 4-dimethylazetidide L-tartrate  As an analog of LSD this compound must be treated with the utmost respect. LSZ is active under 100mcg.  This  ...,0.07198216333333333 BTC,Canada USA  UK  EU,Canada  USA  UK  EU,4.96/5,
ChinaChem,Drugs/RCs,500g AB-FUBINACA,Product information AB-FUBINACA:  CAS number: 1185282-01-2  Formula: C20H21FN4O2  Purity(HPLC): 99.5%  Characteristics: White powder  For more information's about our reship policy  please  ...,3.234347900625 BTC,China,,5.00/5,Average price may be skewed outliar > .5 BTC found
canadasunshine,Drugs/RCs,Phenylpiracetam - Carphedon - 1 gram,Nootropic. 1 gram shipped worldwide Available Aug 23 - 10 grams for sale.  buy 2 of this listing to get 2.25 grams buy 3 of this listing to get 3.5 grams buy 4 of this listing to get 4.75 grams  ...,0.05315714372093025 BTC,Canada,,4.96/5,
rc4me,Drugs/RCs,A-PVP (Big Crystals) - 5g,IUPAC : (RS)-1-phenyl-2-(1-pyrrolidinyl)-1-pentanone  Pure A-PVP Hydrochloride from manufacture  1) EMS worldwide : + Shipping from China. + Tracking is providing. + Signature is required.   ...,0.625042388467742 BTC,China,,~5/5,
rc4me,Drugs/RCs,4-EMC - 5g,IUPAC : 1-(4-ethylphenyl)-2-(methylamino)propan-1-one  Pure 4-EMC Hydrochloride from manufacture  1) EMS worldwide : + Shipping from China. + Tracking is providing. + Signature is required.   ...,0.6090909574999999 BTC,China,,~5/5,
Fappy,Drugs/RCs,4-AcO-DMT 500mg,500mg 4-AcO-DMT Fumarate  Excellent 4-AcO-DMT 99%+ pure  straight from the lab  For experienced users only  please do your own research and use diligently.  Duration: 6-8 hrs  Oral dose: Lig ...,0.17523303717948716 BTC,Canada USA  UK  EU,Canada  USA  UK  EU,4.96/5,
MiniDeal,Drugs/RCs,2.5g MPA - Methiopropamine 99%+ purity - Most similar to Meth,Methiopropamine (MPA) is an analog of METHAMPHETAMINE.  If you are looking for METH substitute  you found it Purity of this product is 99%+  So please  use it responsibly! Its a well known chemic ...,0.10841479812499999 BTC,EU,Worldwide,4.90/5,
rc4me,Drugs/RCs,4-FMA - 25g,IUPAC name : (RS)-1-(4-fluorophenyl)-N-methylpropan-2-amine  Pure 4-FMA Hydrochloride from manufacture  1) EMS worldwide : + Shipping from China. + Tracking is providing. + Signature is requir ...,1.1573803653488375 BTC,China,,~5/5,
rc4me,Drugs/RCs,4-FMA - 500g,IUPAC name : (RS)-1-(4-fluorophenyl)-N-methylpropan-2-amine  Pure 4-FMA Hydrochloride from manufacture  1) EMS worldwide : + Shipping from China. + Tracking is providing. + Signature is requir ...,8.255842365748029 BTC,China,,~5/5,Average price may be skewed outliar > .5 BTC found
rc4me,Drugs/RCs,MPA - 50g,IUPAC : 1-(thiophen-2-yl)-2-methylaminopropane  Pure MPA  Hydrochloride from manufacture  1) EMS worldwide : + Shipping from China. + Tracking is providing. + Signature is required.  We need ...,1.9572861581415928 BTC,China,,~5/5,Average price may be skewed outliar > .5 BTC found
rc4me,Drugs/RCs,a-PVT - 500g,IUPAC : 2-(pyrrolidin-1-yl)-1-(thiophen-2-yl)pentan-1-one  Pure a-PVT  Hydrochloride from manufacture  1) EMS worldwide : + Shipping from China. + Tracking is providing. + Signature is require ...,6.449789999918032 BTC,China,,~5/5,Average price may be skewed outliar > .5 BTC found
rc4me,Drugs/RCs,4-FA - 5g,IUPAC name : (RS)-1-(4-Fluorophenyl)propan-2-amine  Pure 4FA Hydrochloride from manufacture  1) EMS worldwide : + Shipping from China. + Tracking is providing. + Signature is required.  We n ...,0.6028075603225808 BTC,China,,~5/5,
rc4me,Drugs/RCs,a-PPP - 25g,IUPAC : (RS)-1-Phenyl-2-(1-pyrrolidinyl)-1-propanone  Pure a-PPP  Hydrochloride from manufacture  1) EMS worldwide : + Shipping from China. + Tracking is providing. + Signature is required.   ...,0.8086633033333334 BTC,China,,~5/5,
rc4me,Drugs/RCs,2-FMA - 100g,IUPAC name : (RS)-1-(2-fluorophenyl)-N-methylpropan-2-amine  Pure 2-FMA Hydrochloride from manufacture  1) EMS worldwide : + Shipping from China. + Tracking is providing. + Signature is requir ...,2.778912613333333 BTC,China,,~5/5,Average price may be skewed outliar > .5 BTC found
rc4me,Drugs/RCs,4-EMC - 250g,IUPAC : 1-(4-ethylphenyl)-2-(methylamino)propan-1-one  Pure 4-EMC Hydrochloride from manufacture  1) EMS worldwide : + Shipping from China. + Tracking is providing. + Signature is required.   ...,4.312678425454546 BTC,China,,~5/5,Average price may be skewed outliar > .5 BTC found
rc4me,Drugs/RCs,Pentedrone (Big Crystals) - 100g,IUPAC : (±)-1-phenyl-2-(methylamino)pentan-1-one  Pure Pentedrone Hydrochloride from manufacture  1) EMS worldwide : + Shipping from China. + Tracking is providing. + Signature is required.   ...,3.0719903952419343 BTC,China,,~5/5,Average price may be skewed outliar > .5 BTC found
rc4me,Drugs/RCs,4-FA - 100g,IUPAC name : (RS)-1-(4-Fluorophenyl)propan-2-amine  Pure 4FA Hydrochloride from manufacture  1) EMS worldwide : + Shipping from China. + Tracking is providing. + Signature is required.  We n ...,2.853118471796876 BTC,China,,~5/5,Average price may be skewed outliar > .5 BTC found
rc4me,Drugs/RCs,Pentedrone (powder) - 250g,IUPAC : (±)-1-phenyl-2-(methylamino)pentan-1-one  Pure Pentedrone Hydrochloride from manufacture  1) EMS worldwide : + Shipping from China. + Tracking is providing. + Signature is required.   ...,3.59921683095238 BTC,China,,~5/5,Average price may be skewed outliar > .5 BTC found
rc4me,Drugs/RCs,Ethylphenidate (Big Crystals) - 5g,IUPAC name :(RS)-ethyl 2-phenyl-2-piperidin-2-ylacetate  Pure Ethylphenidate (Big Crystals) Hydrochloride  from manufacture  1) EMS worldwide : + Shipping from China. + Tracking is providing.  ...,0.6160151004032259 BTC,China,,~5/5,
rc4me,Drugs/RCs,A-PVP (powder) - 10g,IUPAC : (RS)-1-phenyl-2-(1-pyrrolidinyl)-1-pentanone  Pure A-PVP Hydrochloride from manufacture  1) EMS worldwide : + Shipping from China. + Tracking is providing. + Signature is required.   ...,0.7322067790243902 BTC,China,,~5/5,
rc4me,Drugs/RCs,Ethylphenidate (Big Crystals) - 250g,IUPAC name :(RS)-ethyl 2-phenyl-2-piperidin-2-ylacetate  Pure Ethylphenidate (Big Crystals) Hydrochloride  from manufacture  1) EMS worldwide : + Shipping from China. + Tracking is providing.  ...,4.663967126929138 BTC,China,,~5/5,Average price may be skewed outliar > .5 BTC found
rc4me,Drugs/RCs,MPA - 100g,IUPAC : 1-(thiophen-2-yl)-2-methylaminopropane  Pure MPA  Hydrochloride from manufacture  1) EMS worldwide : + Shipping from China. + Tracking is providing. + Signature is required.  We need ...,3.2114538486725657 BTC,China,,~5/5,Average price may be skewed outliar > .5 BTC found
rc4me,Drugs/RCs,a-PPP - 10g,IUPAC : (RS)-1-Phenyl-2-(1-pyrrolidinyl)-1-propanone  Pure a-PPP  Hydrochloride from manufacture  1) EMS worldwide : + Shipping from China. + Tracking is providing. + Signature is required.   ...,0.5356973588888888 BTC,China,,~5/5,
InternationalChems,Drugs/RCs,1GR - MDPV (EU stock!),High quality MDPV direct from our EU lab. ★ Please READ our entire profile before ordering. ★ No FE required! ★ Less than 24hs from order to shipping. ★ We DO NOT SHIP this product to: Austria  C ...,0.08891435696969698 BTC,EU GER and AUS,Worldwide except USA  GER and AUS,~5/5,
rc4me,Drugs/RCs,a-PVT - 5g,IUPAC : 2-(pyrrolidin-1-yl)-1-(thiophen-2-yl)pentan-1-one  Pure a-PVT  Hydrochloride from manufacture  1) EMS worldwide : + Shipping from China. + Tracking is providing. + Signature is require ...,0.6229393001652889 BTC,China,,~5/5,
rc4me,Drugs/RCs,Ethylone (bk-MDEA) - 10g,IUPAC : (RS)-1-(1 3-benzodioxol-5-yl)-2-(ethylamino)propan-1-one  Pure Ethylone  from manufacture  1) EMS worldwide : + Shipping from China. + Tracking is providing. + Signature is required.  ...,0.8224488442276419 BTC,China,,~5/5,
rc4me,Drugs/RCs,MDPPP - 50g,IUPAC : (RS)-1-(3 4-methylenedioxyphenyl)-2-(1-pyrrolidinyl)-1-propanone  Pure MDPPP Hydrochloride from manufacture  1) EMS worldwide : + Shipping from China. + Tracking is providing. + Signat ...,1.809467982520325 BTC,China,,~5/5,Average price may be skewed outliar > .5 BTC found
rc4me,Drugs/RCs,2-FMA - 25g,IUPAC name : (RS)-1-(2-fluorophenyl)-N-methylpropan-2-amine  Pure 2-FMA Hydrochloride from manufacture  1) EMS worldwide : + Shipping from China. + Tracking is providing. + Signature is requir ...,0.9245736709090909 BTC,China,,~5/5,
rc4me,Drugs/RCs,3 4-CTMP - 1000g,IUPAC : Methyl (2R)-2-(3 4-dichlorophenyl)-2-[(2R)-piperidin-2-yl]acetate  Pure 3 4-CTMP   from manufacture  1) EMS worldwide : + Shipping from China. + Tracking is providing. + Signature is r ...,19.16575445145163 BTC,China,,~5/5,Average price may be skewed outliar > .5 BTC found
rc4me,Drugs/RCs,A-PVP (Big Crystals) - 50g,IUPAC : (RS)-1-phenyl-2-(1-pyrrolidinyl)-1-pentanone  Pure A-PVP Hydrochloride from manufacture  1) EMS worldwide : + Shipping from China. + Tracking is providing. + Signature is required.   ...,1.9840800226399997 BTC,China,,~5/5,Average price may be skewed outliar > .5 BTC found
EverythingOnIt,Drugs/RCs,50g A-PVP 99% Pure Rock Crystals,50g of A-PVP 99% Pure Rock Crystals  FE Free express shipping Or  Non-FE express shipping option is available  Tracking Number will be provided for either options  It takes 5-10 working days  ...,0.6343820095918364 BTC,China,,5.00/5,
ChinaChem,Drugs/RCs,500g Dimethylone,CAS number: 109367-07-9 Formula: C12H15NO3 Purity(HPLC): 98.5%  bk-MDDMA (hydrochloride) is a potential psychotropic designer drug of the phenethylamine  amphetamine  and cathinone chemical class ...,5.089106159557519 BTC,China,,5.00/5,Average price may be skewed outliar > .5 BTC found
PsiloManufacture,Drugs/RCs,1g for 15$ 3mmc 3-MMC  Metaphedron 3 MMC,Hi guys I'm new here but I can assure you that my services are at the highest level. My products as well.  I offer 1 gram 3MMC crystal. Very strong and fresh batch. Gives a real clean nice euphor ...,0.03763576166666667 BTC,EU,Worldwide,4.85/5,
EverythingOnIt,Drugs/RCs,500g Ethylone Moonrock Crystals,500g of Ethylone Moonrock Crystals  MDEA Methylone repalcement  FE Free express shipping with tracking provided  It takes 5-10 working days to most of countries  Picture can be arranged via p ...,4.160129769099998 BTC,China,,5.00/5,Average price may be skewed outliar > .5 BTC found
SusnaSmith,Drugs/RCs,10 Grams Ethylone,10 grams of Ethylone rocks.  The product you see pictured is the product you will receive.  For international customers  the product will be crushed for stealth purposes.  Enjoy.,0.5641865202499998 BTC,USA,Worldwide,4.988/5,
Fappy,Drugs/RCs,A-PVP 5g,A-PVP (HCL)  Produces stimulant and euphoric effects very similar to MDVP. Be aware that high doses can produce intense prolonged panic attacks and psychosis from frequent dosing and sleep withdraw ...,0.26477100117647057 BTC,Canada USA  UK  EU,Canada  USA  UK  EU,4.96/5,
FREE,Drugs/RCs,200gr. 6-APB  FREE SHIP WITH TRACK,This shipment is with tracking number. The shipment must be signed to receive it. In case that the track is stuck I offer 50% reship.,6.316523986764707 BTC,China,,5.00/5,Average price may be skewed outliar > .5 BTC found
Jack_N_Hoff,Drugs/RCs,60+ RESEARCH CHEMICALS IN STOCK,If you are interested in a certain research chemical that is legal in China then send us a message.,30.191735655916663 BTC,China New Zealand  Russia  Finland  Germany or the Middle East.,Worldwide except Australia  New Zealand  Russia  Finland  Germany or the Middle East.,4.94/5,Average price may be skewed outliar > .5 BTC found
FREE,Drugs/RCs,500gr.  4-EMC FREE SHIP WITH TRACK,This shipment is with tracking number. The shipment must be signed to receive it. In case that the track is stuck I offer 50% reship.,4.581384771111111 BTC,China,,5.00/5,Average price may be skewed outliar > .5 BTC found
FREE,Drugs/RCs,20gr.5-APB FREE SHIP WITH TRACK,This shipment is with tracking number. The shipment must be signed to receive it. In case that the track is stuck I offer 50% reship.,1.4632656988888888 BTC,China,,5.00/5,Average price may be skewed outliar > .5 BTC found
FREE,Drugs/RCs,500gr. 6-MAPB FREE SHIP WITH TRACK,This shipment is with tracking number. The shipment must be signed to receive it. In case that the track is stuck I offer 50% reship.,9.155609953783785 BTC,China,,5.00/5,Average price may be skewed outliar > .5 BTC found
geoffreygiraffe,Drugs/RCs,1 Gram Pure MDPV Powder,Hello there  Ladies and Gentlemen.  I’m Geoffrey Giraffe  and I am here to provide top quality products for reasonable prices.  I believe in honest representations of my products as well as chemical  ...,0.10732873375000002 BTC,USA Canada  W. Europe,USA  Canada  W. Europe,5.000/5,
ChinaChem,Drugs/RCs,Sample 4F-PVP,CAS number : 28117-76-2  purity: > 95%  YOU CAN FIND IMPORTANT INFORMATION'S LIKE OUR RESHIP POLICY ON OUR VENDOR PROFILE! PLEASE VISIT IT!!   Our Angora Topic: http://lacbzxobeprssrfx.onion/in ...,0.0840540142727273 BTC,China,Worldwide,5.00/5,
Nebulin,Drugs/RCs,200mg 3-MeO-PCP,This listing is for 200mg of 3-MeO-PCP.  ============================================================ Chemical Name: 3-MeO-PCP Systematic IUPAC Name: 1-[1-(3-methoxyphenyl)cyclohexyl]-piperidine  ...,0.21749438363636361 BTC,Australia,Australia,5.00/5,
FREE,Drugs/RCs,200gr. 6-MAPB FREE SHIP WITH TRACK,This shipment is with tracking number. The shipment must be signed to receive it. In case that the track is stuck I offer 50% reship.,4.784439626578949 BTC,China,,5.00/5,Average price may be skewed outliar > .5 BTC found
Fappy,Drugs/RCs,Pentedrone 1g,Pentedrone (HCL)  Produces a clear headed stimulant effects and mild euphoria. Great for working or socializing!  The comedown is mild and relaxing  allowing for a good night sleep afterwards  no  ...,0.0515105884 BTC,Canada USA  UK  EU,Canada  USA  UK  EU,4.96/5,
drzheng,Drugs/RCs,50g crystal DIMETHYLONE- FREE worldwide shipping,50g of small CRYSTAL DIMETHYLONE (bk-mddma) shipped worldwide using discreet methods.  For more info please see our profile.  Please note:  Different batches may have different texture and colo ...,1.5278821552830186 BTC,China,Worldwide,4.99/5,Average price may be skewed outliar > .5 BTC found
SusnaSmith,Drugs/RCs,10 Grams Ethylphenidate,This listing is for 10 grams of Ethylphenidate. It is in powder form. This is a Ritalin analog. Most people report that is stronger but shorter duration than Ritalin.,0.5555620485714282 BTC,USA,Worldwide,4.988/5,
FREE,Drugs/RCs,1kg. 5-MAPBD  FREE SHIP WITH TRACK,This shipment is with tracking number. The shipment must be signed to receive it. In case that the track is stuck I offer 50% reship.,17.12636234972223 BTC,China,,5.00/5,Average price may be skewed outliar > .5 BTC found
FREE,Drugs/RCs,200gr.5-APB FREE SHIP WITH TRACK,This shipment is with tracking number. The shipment must be signed to receive it. In case that the track is stuck I offer 50% reship.,5.317528593157894 BTC,China,,5.00/5,Average price may be skewed outliar > .5 BTC found
Fappy,Drugs/RCs,4-HO-MiPT  5g,4-HO-MiPT (fumarate) aka Miprocin  Created by Alexander Shulgin and described in his book TIHKAL entry#22.  If you want an easy visual experience with an epic body feeling try 4-HO-MiPT. It is gr ...,1.6590386466666667 BTC,Canada,,4.96/5,Average price may be skewed outliar > .5 BTC found
ChinaChem,Drugs/RCs,Sample AB-FUBINACA,Product information AB-FUBINACA:  CAS number: 1185282-01-2  Formula: C20H21FN4O2  Purity(HPLC): 99.5%  Characteristics: White powder  For more information's about our reship policy  please  ...,0.05109591105263158 BTC,China,,5.00/5,
Fappy,Drugs/RCs,4-FA 5g,4-FA aka Flux  Related to amphetamine  it produces stimulant and entactogenic effects similar to MDMA (especially on the come up).  Dosage: 75 - 150 mg Duration:  4 - 12 hrs  This compound is  ...,0.22057527772727273 BTC,Canada USA  UK  EU,Canada  USA  UK  EU,4.96/5,
geoffreygiraffe,Drugs/RCs,112 Grams Pure MDPV Powder,*******PGP IS REQUIRED. FULL FIRST AND LAST NAME MUST BE PROVIDED. ANY ORDER THAT DOES NOT MEET THESE REQUIREMENTS WILL BE CANCELLED. PLEASE SEE THE BOTTOM OF MY PROFILE FOR A QUICK HOW-TO IN PGP**** ...,6.067464136470588 BTC,USA,,5.000/5,Average price may be skewed outliar > .5 BTC found
FREE,Drugs/RCs,10gr. 6-MAPB FREE SHIP WITH TRACK,This shipment is with tracking number. The shipment must be signed to receive it. In case that the track is stuck I offer 50% reship.,1.0825848280555554 BTC,China,,5.00/5,
geoffreygiraffe,Drugs/RCs,112 Grams Pure α-PVP Powder,*******PGP IS REQUIRED. FULL FIRST AND LAST NAME MUST BE PROVIDED. ANY ORDER THAT DOES NOT MEET THESE REQUIREMENTS WILL BE CANCELLED. PLEASE SEE THE BOTTOM OF MY PROFILE FOR A QUICK HOW-TO IN PGP**** ...,2.678916171578948 BTC,USA,,5.000/5,Average price may be skewed outliar > .5 BTC found
EverythingOnIt,Drugs/RCs,1000g Ethylone Moonrock Crystals,1000g of Ethylone Moonrock Crystals  MDEA Methylone repalcement  FE Free express shipping with tracking provided  It takes 5-10 working days to most of countries  Picture is not provided for  ...,7.128126400666668 BTC,China,,5.00/5,Average price may be skewed outliar > .5 BTC found
SusnaSmith,Drugs/RCs,5 Grams Ethylone,5 grams of Ethylone rocks.  The product you see pictured is the product you will receive.  For international customers  the product will be crushed for stealth purposes.  Enjoy.,0.33368365222222196 BTC,USA,Worldwide,4.988/5,
Fappy,Drugs/RCs,5 x 4-AcO-DMT Capsules 20mg,5 x 4-AcO-DMT Capsules 20mg Fumarate  Excellent 4-AcO-DMT 99%+ pure  straight from the lab  For experienced users only  please do your own research and use diligently.  Duration: 6-8 hrs  Ora ...,0.09658545388888891 BTC,Canada USA  UK  EU,Canada  USA  UK  EU,4.96/5,
rc4me,Drugs/RCs,a-PVT - 100g,IUPAC : 2-(pyrrolidin-1-yl)-1-(thiophen-2-yl)pentan-1-one  Pure a-PVT  Hydrochloride from manufacture  1) EMS worldwide : + Shipping from China. + Tracking is providing. + Signature is require ...,2.4192489665289254 BTC,China,,~5/5,Average price may be skewed outliar > .5 BTC found
rc4me,Drugs/RCs,Pentedrone (Big Crystals) - 50g,IUPAC : (±)-1-phenyl-2-(methylamino)pentan-1-one  Pure Pentedrone Hydrochloride from manufacture  1) EMS worldwide : + Shipping from China. + Tracking is providing. + Signature is required.   ...,1.9820523498399993 BTC,China,,~5/5,Average price may be skewed outliar > .5 BTC found
rc4me,Drugs/RCs,Ethylphenidate (Big Crystals) - 1000g,IUPAC name :(RS)-ethyl 2-phenyl-2-piperidin-2-ylacetate  Pure Ethylphenidate (Big Crystals) Hydrochloride  from manufacture  1) EMS worldwide : + Shipping from China. + Tracking is providing.  ...,13.979176427967479 BTC,China,,~5/5,Average price may be skewed outliar > .5 BTC found
rc4me,Drugs/RCs,Pentedrone (powder) - 50g,IUPAC : (±)-1-phenyl-2-(methylamino)pentan-1-one  Pure Pentedrone Hydrochloride from manufacture  1) EMS worldwide : + Shipping from China. + Tracking is providing. + Signature is required.   ...,1.6195914289682534 BTC,China,,~5/5,Average price may be skewed outliar > .5 BTC found
rc4me,Drugs/RCs,MPA - 250g,IUPAC : 1-(thiophen-2-yl)-2-methylaminopropane  Pure MPA  Hydrochloride from manufacture  1) EMS worldwide : + Shipping from China. + Tracking is providing. + Signature is required.  We need ...,4.816478712743362 BTC,China,,~5/5,Average price may be skewed outliar > .5 BTC found
rc4me,Drugs/RCs,Pentedrone (powder) - 5g,IUPAC : (±)-1-phenyl-2-(methylamino)pentan-1-one  Pure Pentedrone Hydrochloride from manufacture  1) EMS worldwide : + Shipping from China. + Tracking is providing. + Signature is required.   ...,0.5903611560000003 BTC,China,,~5/5,
alfapentedron,Drugs/RCs,pentedrone 5 g crystals domestic PL,Clear as always !! crystals pentedrone 5 gr good price pro stealth  FE not require!   Refunds: 100 % in PL 50% in EU,0.16943664866666666 BTC,Poland,,4.82/5,
rc4me,Drugs/RCs,PV8 - 1000g,IUPAC : 1-Phenyl-2-(pyrrolidin-1-yl)heptan-1-one  Pure PV8  Hydrochloride from manufacture  1) EMS worldwide : + Shipping from China. + Tracking is providing. + Signature is required.  We ne ...,9.747109564919354 BTC,China,,~5/5,Average price may be skewed outliar > .5 BTC found
rc4me,Drugs/RCs,a-PPP - 500g,IUPAC : (RS)-1-Phenyl-2-(1-pyrrolidinyl)-1-propanone  Pure a-PPP  Hydrochloride from manufacture  1) EMS worldwide : + Shipping from China. + Tracking is providing. + Signature is required.   ...,3.992660123333334 BTC,China,,~5/5,Average price may be skewed outliar > .5 BTC found
rc4me,Drugs/RCs,a-PPP - 100g,IUPAC : (RS)-1-Phenyl-2-(1-pyrrolidinyl)-1-propanone  Pure a-PPP  Hydrochloride from manufacture  1) EMS worldwide : + Shipping from China. + Tracking is providing. + Signature is required.   ...,2.021658271111111 BTC,China,,~5/5,
rc4me,Drugs/RCs,A-PVP (powder) - 250g,IUPAC : (RS)-1-phenyl-2-(1-pyrrolidinyl)-1-pentanone  Pure A-PVP Hydrochloride from manufacture  1) EMS worldwide : + Shipping from China. + Tracking is providing. + Signature is required.   ...,3.434780963700788 BTC,China,,~5/5,Average price may be skewed outliar > .5 BTC found
rc4me,Drugs/RCs,4-FA - 50g,IUPAC name : (RS)-1-(4-Fluorophenyl)propan-2-amine  Pure 4FA Hydrochloride from manufacture  1) EMS worldwide : + Shipping from China. + Tracking is providing. + Signature is required.  We n ...,1.780892193412698 BTC,China,,~5/5,Average price may be skewed outliar > .5 BTC found
rc4me,Drugs/RCs,Ethylphenidate (Big Crystals) - 100g,IUPAC name :(RS)-ethyl 2-phenyl-2-piperidin-2-ylacetate  Pure Ethylphenidate (Big Crystals) Hydrochloride  from manufacture  1) EMS worldwide : + Shipping from China. + Tracking is providing.  ...,3.041366060639999 BTC,China,,~5/5,Average price may be skewed outliar > .5 BTC found
rc4me,Drugs/RCs,MDPPP - 500g,IUPAC : (RS)-1-(3 4-methylenedioxyphenyl)-2-(1-pyrrolidinyl)-1-propanone  Pure MDPPP Hydrochloride from manufacture  1) EMS worldwide : + Shipping from China. + Tracking is providing. + Signat ...,5.5613825786991855 BTC,China,,~5/5,Average price may be skewed outliar > .5 BTC found
rc4me,Drugs/RCs,MPA - 5g,IUPAC : 1-(thiophen-2-yl)-2-methylaminopropane  Pure MPA  Hydrochloride from manufacture  1) EMS worldwide : + Shipping from China. + Tracking is providing. + Signature is required.  We need ...,0.6155557477586209 BTC,China,,~5/5,
rc4me,Drugs/RCs,JWH-210 - 500g,JWH-210 is an analgesic chemical from the naphthoylindole family  which acts as a potent cannabinoid agonist at both the CB1 and CB2 receptors   It is one of the most potent 4-substituted naphthoyl d ...,6.384673234745764 BTC,China,,~5/5,Average price may be skewed outliar > .5 BTC found
rc4me,Drugs/RCs,a-PVT - 1000g,IUPAC : 2-(pyrrolidin-1-yl)-1-(thiophen-2-yl)pentan-1-one  Pure a-PVT  Hydrochloride from manufacture  1) EMS worldwide : + Shipping from China. + Tracking is providing. + Signature is require ...,10.819876243902431 BTC,China,,~5/5,Average price may be skewed outliar > .5 BTC found
rc4me,Drugs/RCs,Pentedrone (powder) - 1000g,IUPAC : (±)-1-phenyl-2-(methylamino)pentan-1-one  Pure Pentedrone Hydrochloride from manufacture  1) EMS worldwide : + Shipping from China. + Tracking is providing. + Signature is required.   ...,9.010262732419356 BTC,China,,~5/5,Average price may be skewed outliar > .5 BTC found
rc4me,Drugs/RCs,Pentedrone (Big Crystals) - 5g,IUPAC : (±)-1-phenyl-2-(methylamino)pentan-1-one  Pure Pentedrone Hydrochloride from manufacture  1) EMS worldwide : + Shipping from China. + Tracking is providing. + Signature is required.   ...,0.6256284899200005 BTC,China,,~5/5,
rc4me,Drugs/RCs,PV8  -25g,IUPAC : 1-Phenyl-2-(pyrrolidin-1-yl)heptan-1-one  Pure PV8  Hydrochloride from manufacture  1) EMS worldwide : + Shipping from China. + Tracking is providing. + Signature is required.  We ne ...,1.1727582314754095 BTC,China,,~5/5,
rc4me,Drugs/RCs,a-PVT - 10g,IUPAC : 2-(pyrrolidin-1-yl)-1-(thiophen-2-yl)pentan-1-one  Pure a-PVT  Hydrochloride from manufacture  1) EMS worldwide : + Shipping from China. + Tracking is providing. + Signature is require ...,0.8199815799999998 BTC,China,,~5/5,
mssource,Drugs/RCs,PENTEDRONE...!! 20 GRAM,PLZ ALWAYS READ MAIN PROFILE BEFORE ORDER ********************************************************************  Item::  Pentedrone   Quanty:: 20 gram   Purity:: 99 8% Powder/Chrystaline * ...,0.7615136567741936 BTC,World,WORLDWIDE,4.95/5,
geoffreygiraffe,Drugs/RCs,3.5 Grams Pure MDPV Powder: Aus/NZ,*******PGP IS REQUIRED. FULL FIRST AND LAST NAME MUST BE PROVIDED. ANY ORDER THAT DOES NOT MEET THESE REQUIREMENTS WILL BE CANCELLED. PLEASE SEE THE BOTTOM OF MY PROFILE FOR A QUICK HOW-TO IN PGP**** ...,0.3767174 BTC,USA,,5.000/5,
Jack_N_Hoff,Drugs/RCs,50 gram sample of a-PVP crystals,50 gram sample of a-PVP CRYSTALS express shipped with tracking.  Over 99% pure.  FE is required for all orders.  Orders shipped from China to USA have been taking 3 to 6 business days lately. Ord ...,1.1417551805208321 BTC,China New Zealand  Russia  Finland  Germany or the Middle East.,Worldwide except Australia  New Zealand  Russia  Finland  Germany or the Middle East.,4.94/5,Average price may be skewed outliar > .5 BTC found
mssource,Drugs/RCs,PENTEDRONE...!! 500 GRAM,PLZ ALWAYS READ MAIN PROFILE BEFORE ORDER ********************************************************************  Item::  Pentedrone   Quanty:: 500 gram   Purity:: 99 8% Powder/Chrystaline  ...,4.628923236451612 BTC,World,WORLDWIDE,4.95/5,Average price may be skewed outliar > .5 BTC found
mssource,Drugs/RCs,4-FMC...!! 50 GRAM,PLZ ALWAYS READ MAIN PROFILE BEFORE ORDER ********************************************************************  Item::  4-FMC   Quanty:: 50 gram   Purity:: 99 8% Powder *High Definition  ...,1.2765372160000001 BTC,World,WORLDWIDE,4.95/5,
rainbowbear,Drugs/RCs,10 gram 4-FA 4-Fluoroamphetamine ( Free Shipping ),10 gram sample 4-FA 4-Fluoroamphetamine ( Free Shipping ) Must FE on all international orders. Tracking offered on 100 gram orders and up.    Thank You RB,0.983847797333333 BTC,China,,5.00/5,
mssource,Drugs/RCs,4-FMA...!! 10 GRAM,PLZ ALWAYS READ MAIN PROFILE BEFORE ORDER ********************************************************************  Item::  4-FMA    Quanty:: 10 gram   Purity:: 99 8% Powder *High Definition  ...,0.40618504000000005 BTC,World,WORLDWIDE,4.95/5,
geoffreygiraffe,Drugs/RCs,7 Grams Pure α-PVP Powder: Aus/NZ,*******PGP IS REQUIRED. FULL FIRST AND LAST NAME MUST BE PROVIDED. ANY ORDER THAT DOES NOT MEET THESE REQUIREMENTS WILL BE CANCELLED. PLEASE SEE THE BOTTOM OF MY PROFILE FOR A QUICK HOW-TO IN PGP**** ...,0.323156492 BTC,USA,,5.000/5,
mssource,Drugs/RCs,MDPBP...!! 500 GRAM,PLZ ALWAYS READ MAIN PROFILE BEFORE ORDER ********************************************************************  Item::  MDPBP   Quanty:: 500 gram   Purity:: 99 8% HCL Powder *High Definit ...,4.636917626333334 BTC,World,WORLDWIDE,4.95/5,Average price may be skewed outliar > .5 BTC found
HigherGroundsNL,Drugs/RCs,1 GRAM HIGH Quality 4-MMC (Mephedrone) powder from the Netherlands,Here we got some fine ass Mephedrone powder.  Before this we had the crystals  but this stuff doesn't is the real deal. I will update pictures today  it's perfectly white  and shiny to.   No this ...,0.07237920918367345 BTC,Netherlands,,4.82/5,
mssource,Drugs/RCs,4-FA...!! 100 GRAM,PLZ ALWAYS READ MAIN PROFILE BEFORE ORDER ********************************************************************  Item::  4-FA    Quanty:: 100 gram   Purity:: 99 8% Powder *High Definition  ...,1.738846286111111 BTC,World,WORLDWIDE,4.95/5,Average price may be skewed outliar > .5 BTC found
Jack_N_Hoff,Drugs/RCs,100 gram sample of pure a-PVP crystals,100 gram sample of a-PVP CRYSTALS express shipped with tracking.  FE is required for all orders.  Orders shipped from China to USA have been taking 3 to 6 business days lately. Orders are usually ...,2.1300120696907214 BTC,China New Zealand  Russia  Finland  Germany or the Middle East.,Worldwide except Australia  New Zealand  Russia  Finland  Germany or the Middle East.,4.94/5,Average price may be skewed outliar > .5 BTC found
IsolatedWarrior,Drugs/RCs,a-PVP 1g - substitute this for adderall meth speed coke crack (or mdpv) & pass drug tests & save $,1g a-PVP  use this to get high or focus or study without burning a hole in your wallet and pass your tox screens with flying colors.  personally have shipped sample to lab to verify purity.  ha ...,0.09326906857142855 BTC,USA,USA,4.98/5,
mssource,Drugs/RCs,BUPHEDRONE...!! 50 GRAM,PLZ ALWAYS READ MAIN PROFILE BEFORE ORDER ********************************************************************  Item::  Buphedrone   Quanty:: 50 gram   Purity:: 99 8% Powder *High Definit ...,1.2737421270967744 BTC,World,WORLDWIDE,4.95/5,
geoffreygiraffe,Drugs/RCs,1 Gram Pure MDPV Powder: Aus/NZ,*******PGP IS REQUIRED. FULL FIRST AND LAST NAME MUST BE PROVIDED. ANY ORDER THAT DOES NOT MEET THESE REQUIREMENTS WILL BE CANCELLED. PLEASE SEE THE BOTTOM OF MY PROFILE FOR A QUICK HOW-TO IN PGP**** ...,0.137987476 BTC,USA,,5.000/5,
mssource,Drugs/RCs,VEVP...!! 200 GRAM,PLZ ALWAYS READ MAIN PROFILE BEFORE ORDER ********************************************************************  Item::  VEVP   Quanty:: 200 gram   Purity:: 99 8% HCL Powder *High Definiti ...,2.788487615862069 BTC,World,WORLDWIDE,4.95/5,Average price may be skewed outliar > .5 BTC found
mssource,Drugs/RCs,4-FMA...!! 50 GRAM,PLZ ALWAYS READ MAIN PROFILE BEFORE ORDER ********************************************************************  Item::  4-FMA    Quanty:: 50 gram   Purity:: 99 8% Powder *High Definition  ...,1.2786343189655176 BTC,World,WORLDWIDE,4.95/5,
mssource,Drugs/RCs,3-FA...!! 200 GRAM,PLZ ALWAYS READ MAIN PROFILE BEFORE ORDER ********************************************************************  Item::  3-FA   Quanty:: 200 gram   Purity:: 99 8% Powder *High Definition  ...,3.518587091388889 BTC,World,WORLDWIDE,4.95/5,Average price may be skewed outliar > .5 BTC found
IsolatedWarrior,Drugs/RCs,a-PVP 7g - substitute this for adderall meth speed (or mdpv) & pass drug tests & save $,7g a-PVP  use this to get high or focus or study without burning a hole in your wallet and pass your tox screens with flying colors.  personally have shipped sample to lab to verify purity.  ha ...,0.9056402064102568 BTC,USA,USA,4.98/5,Average price may be skewed outliar > .5 BTC found
FREE,Drugs/RCs,1kg. Ethylphenidate FREE SHIP WITH TRACK,This shipment is with tracking number. The shipment must be signed to receive it. In case that the track is stuck I offer 50% reship.,9.710236399666663 BTC,China,,5.00/5,Average price may be skewed outliar > .5 BTC found
mssource,Drugs/RCs,3-FA...!! 500 GRAM,PLZ ALWAYS READ MAIN PROFILE BEFORE ORDER ********************************************************************  Item::  3-FA   Quanty:: 1500 gram   Purity:: 99 8% Powder *High Definition  ...,5.211311704166665 BTC,World,WORLDWIDE,4.95/5,Average price may be skewed outliar > .5 BTC found
mssource,Drugs/RCs,ETHYLPHENIDATE...!! 5 GRAM,PLZ ALWAYS READ MAIN PROFILE BEFORE ORDER ********************************************************************  Item::  Ethylphenidate EP   Quanty:: 5 gram   Purity:: 99 8% Big Chrystals  ...,0.2106027957142857 BTC,World,WORLDWIDE,4.95/5,
EZTest,Drugs/RCs,EZ Test for Bath Salts- MDPV  Methylone etc,A quick and simple test for the identification of mephedrone  methylone and MDPV traded under names such as Bath Salts  Plant food  Odorizer and other terms that are primarily used to disguise their  ...,0.04402499267123288 BTC,USA,,5.00/5,
mssource,Drugs/RCs,2-FMA...!! 500 GRAM,PLZ ALWAYS READ MAIN PROFILE BEFORE ORDER ********************************************************************  Item::  2-FMA    Quanty:: 500 gram   Purity:: 99 8% Powder *High Definition ...,5.367708994444445 BTC,World,WORLDWIDE,4.95/5,Average price may be skewed outliar > .5 BTC found
mssource,Drugs/RCs,4F-PVP...!! 100 GRAM,PLZ ALWAYS READ MAIN PROFILE BEFORE ORDER ********************************************************************  Item::  4F-PVP   Quanty:: 100 gram   Purity:: 99 8% HCL Transparent Chrysta ...,1.420860855517242 BTC,World,WORLDWIDE,4.95/5,
mssource,Drugs/RCs,MDPPP...!! 1 KG,PLZ ALWAYS READ MAIN PROFILE BEFORE ORDER ********************************************************************  Item::  MDPPP   Quanty:: 1 Kg   Purity:: 99 8% HCL Powder *High Definition  ...,7.174316441481482 BTC,World,WORLDWIDE,4.95/5,Average price may be skewed outliar > .5 BTC found
mssource,Drugs/RCs,MDPV...!! 200 GRAM,PLZ ALWAYS READ MAIN PROFILE BEFORE ORDER ********************************************************************  Item::  MDPV   Quanty:: 200 gram   Purity:: 99 8% Powder *High Definition  ...,3.832460126578948 BTC,World,WORLDWIDE,4.95/5,Average price may be skewed outliar > .5 BTC found
mssource,Drugs/RCs,GBR-12909...!! 500 GRAM,PLZ ALWAYS READ MAIN PROFILE BEFORE ORDER ********************************************************************  Item::  Vanoxerine (GBR-12909)   Quanty:: 500 gram   Purity:: 99 8% Smal Ch ...,6.71001984 BTC,World,WORLDWIDE,4.95/5,Average price may be skewed outliar > .5 BTC found
mssource,Drugs/RCs,MDDMV...!! 1 KG,PLZ ALWAYS READ MAIN PROFILE BEFORE ORDER ********************************************************************  Item::  MDDMV   Quanty:: 1 Kg   Purity:: 99 8% Chrystal *High Definition   ...,7.692398965769229 BTC,World,WORLDWIDE,4.95/5,Average price may be skewed outliar > .5 BTC found
mssource,Drugs/RCs,4-FMC...!! 20 GRAM,PLZ ALWAYS READ MAIN PROFILE BEFORE ORDER ********************************************************************  Item::  4-FMC   Quanty:: 20 gram   Purity:: 99 8% Powder *High Definition  ...,0.8059316155882355 BTC,World,WORLDWIDE,4.95/5,
mssource,Drugs/RCs,4-BMC...!! 10 GRAM,PLZ ALWAYS READ MAIN PROFILE BEFORE ORDER ********************************************************************  Item::  4-BMC   Quanty:: 10 gram   Purity:: 99 8% Big/Smal Chrystals * High ...,0.3538715703448276 BTC,World,WORLDWIDE,4.95/5,
mssource,Drugs/RCs,MDPPP...!! 5 GRAM,PLZ ALWAYS READ MAIN PROFILE BEFORE ORDER ********************************************************************  Item::  MDPPP   Quanty:: 5 gram   Purity:: 99 8% HCL Powder *High Definitio ...,0.1412703258333333 BTC,World,WORLDWIDE,4.95/5,
geoffreygiraffe,Drugs/RCs,1 Gram Pure α-PVP Powder: Aus/NZ,*******PGP IS REQUIRED. FULL FIRST AND LAST NAME MUST BE PROVIDED. ANY ORDER THAT DOES NOT MEET THESE REQUIREMENTS WILL BE CANCELLED. PLEASE SEE THE BOTTOM OF MY PROFILE FOR A QUICK HOW-TO IN PGP**** ...,0.062161855499999995 BTC,USA,,5.000/5,
mssource,Drugs/RCs,MDPV...!! 100 GRAM,PLZ ALWAYS READ MAIN PROFILE BEFORE ORDER ********************************************************************  Item::  MDPV   Quanty:: 100 gram   Purity:: 99 8% Powder *High Definition  ...,2.12411367763158 BTC,World,WORLDWIDE,4.95/5,Average price may be skewed outliar > .5 BTC found
mssource,Drugs/RCs,2-FA...!! 200 GRAM,PLZ ALWAYS READ MAIN PROFILE BEFORE ORDER ********************************************************************  Item::  2-FA    Quanty:: 200 gram  Purity:: 99 8% Powder *High Definition   ...,3.5378224719999998 BTC,World,WORLDWIDE,4.95/5,Average price may be skewed outliar > .5 BTC found
Jack_N_Hoff,Drugs/RCs,500 grams of pure 4-FA (4-Fluoroamphetamine),500 grams of pure 4-Fluoroamphetamine express shipped with tracking. Also known as 4-FA and 4FA.  Over 99% pure.  Please message me your location before ordering to make sure that I ship to your  ...,7.2418771549572645 BTC,China New Zealand  Russia  Finland  Germany or the Middle East.,Worldwide except Australia  New Zealand  Russia  Finland  Germany or the Middle East.,4.94/5,Average price may be skewed outliar > .5 BTC found
geoffreygiraffe,Drugs/RCs,custom for chase,Custom for chase.  3.95 with express.  Do not order if you are not chase.,0.299798188 BTC,USA,,5.000/5,
mssource,Drugs/RCs,"SPECIAL ORDER FOR ""PK4891"" ...!!","THIS IS SPECIAL LISTING FOR COSTUMER ""PK4891""    Items::   MXE - 2G/ -  4-FA - 2G/ - 3-MEO-PCP 2G/ -  2C-B - 2G/ -  2C-E - 2G/ -  4-AcO-MET - 2G -  5-MeO-MIPT - 2G -    4-HO-MIPT - 2G/ ...",16.362168897777778 BTC,World,WORLDWIDE,4.95/5,Average price may be skewed outliar > .5 BTC found
rc4me,Drugs/RCs,4-FA - 10g,IUPAC name : (RS)-1-(4-Fluorophenyl)propan-2-amine  Pure 4FA Hydrochloride from manufacture  1) EMS worldwide : + Shipping from China. + Tracking is providing. + Signature is required.  We n ...,0.7732568363200003 BTC,China,,~5/5,
ChinaChem,Drugs/RCs,250g Dimethylone,CAS number: 109367-07-9 Formula: C12H15NO3 Purity(HPLC): 98.5%  bk-MDDMA (hydrochloride) is a potential psychotropic designer drug of the phenethylamine  amphetamine  and cathinone chemical class ...,3.4245859240869576 BTC,China,,5.00/5,Average price may be skewed outliar > .5 BTC found
FREE,Drugs/RCs,10gr. 6-APB  FREE SHIP WITH TRACK,This shipment is with tracking number. The shipment must be signed to receive it. In case that the track is stuck I offer 50% reship.,1.1962120308333333 BTC,China,,5.00/5,
ChinaChem,Drugs/RCs,50g 4F-PVP,CAS number : 28117-76-2  purity: > 95%  YOU CAN FIND IMPORTANT INFORMATION'S LIKE OUR RESHIP POLICY ON OUR VENDOR PROFILE! PLEASE VISIT IT!!   Our Angora Topic: http://lacbzxobeprssrfx.onion/in ...,1.1482673839639637 BTC,China,Worldwide,5.00/5,Average price may be skewed outliar > .5 BTC found
FREE,Drugs/RCs,5gr. 6-MAPB FREE SHIP WITH TRACK,This shipment is with tracking number. The shipment must be signed to receive it. In case that the track is stuck I offer 50% reship.,0.7187051556756757 BTC,China,,5.00/5,
ChinaChem,Drugs/RCs,50g a-php (PV7) (apvp related),“alpha-PHP is a stimulant similar in dosing and effects to MDPV and alpha-PVP  I had already a pleasure to try this a couple of times … I found it a bit stronger than alpha-PVP but with less side eff ...,1.1992123897619047 BTC,China,,5.00/5,
FREE,Drugs/RCs,50gr. MDPPP FREE SHIP WITH TRACK,This shipment is with tracking number. The shipment must be signed to receive it. In case that the track is stuck I offer 50% reship.,1.3543830321212127 BTC,China,,5.00/5,
Fappy,Drugs/RCs,6-APDB 0.25g,6-APDB (HCL) aka 4-Desoxy-MDA  Created by David E. Nichols during his quest for non-neurotoxic MDMA analogs  it is an analog of MDA. Produces clean euphoria very similar to MDMA and a visual nature ...,0.06354580773195875 BTC,Canada USA  UK  EU,Canada  USA  UK  EU,4.96/5,
FREE,Drugs/RCs,50gr. 5-MAPBD  FREE SHIP WITH TRACK,This shipment is with tracking number. The shipment must be signed to receive it. In case that the track is stuck I offer 50% reship.,2.201744536285714 BTC,China,,5.00/5,Average price may be skewed outliar > .5 BTC found
FREE,Drugs/RCs,5gr. 6-APB  FREE SHIP WITH TRACK,This shipment is with tracking number. The shipment must be signed to receive it. In case that the track is stuck I offer 50% reship.,0.8634074908571427 BTC,China,,5.00/5,
ChinaChem,Drugs/RCs,1000g Ethylone E1,WE HAVE 2 KINDS OF ETHYLONE. PLEASE CHOOSE ONE: https://www.anonimg.com/img/1f2a6149c563843d11e77421f9b75bfd.png  FULL ESCROW RESHIP POLICY ON OUR PROFILE PAGE!  Product information Ethylone: F ...,8.334487038103441 BTC,China,,5.00/5,Average price may be skewed outliar > .5 BTC found
advancedgrowthlabs,Drugs/RCs,Amridex (Anastrozole) 1mg/ml 30ml,For sale is a 30ml bottle of amridex at 1mg/ml. Shake before use!  Comes with 1cc syringe for measuring.  This has standard RC taste  so don't expect it to taste delicious.,0.1000160244303798 BTC,USA,,4.994/5,
canadasunshine,Drugs/RCs,Sunifiram - 1 gram,Sunifiram - 1 gram 30.00 USD available Aug 21 Nootropic.    --not available yet.. buy 2 of this listing to get 2.25 grams buy 3 of this listing to get 3.5 grams buy 4 of this listing to get 4 ...,0.07936242605263158 BTC,Canada,,4.96/5,
EverythingOnIt,Drugs/RCs,100g Ethylone Moonrock Crystals,100g of Ethylone Moonrock Crystals  MDEA Methylone repalcement  FE Free express shipping Or  Non-FE express shipping option is available  Tracking Number will be provided for either options  ...,1.1623141369767447 BTC,China,,5.00/5,
PsiloManufacture,Drugs/RCs,15$ 1g TOP QUALITY 3mmc 3-MMC  Metaphedron 3 MMC,Hi guys I'm new here but I can assure you that my services are at the highest level. My products as well.  I offer 1 gram 3MMC crystal. Very strong and fresh batch. Gives a real clean nice euphor ...,0.053729466818181824 BTC,EU,Worldwide,4.85/5,
PsiloManufacture,Drugs/RCs,3MMC 5g TOP QUALITY 3mmc 3-MMC  Metaphedron 3 MMC,Hi guys I'm new here but I can assure you that my services are at the highest level. My products as well.  I offer 5 gram 3MMC crystal. Very strong and fresh batch. Gives a real clean nice euphor ...,0.1667272727272727 BTC,EU,Worldwide,4.85/5,
FREE,Drugs/RCs,1kg. 6-MAPB FREE SHIP WITH TRACK,This shipment is with tracking number. The shipment must be signed to receive it. In case that the track is stuck I offer 50% reship.,17.905070718611107 BTC,China,,5.00/5,Average price may be skewed outliar > .5 BTC found
Fappy,Drugs/RCs,4-HO-MiPT  1g,4-HO-MiPT (fumarate) aka Miprocin  Created by Alexander Shulgin and described in his book TIHKAL entry#22.  If you want an easy visual experience with an epic body feeling try 4-HO-MiPT. It is gr ...,0.38224325191304337 BTC,Canada USA  UK  EU,Canada  USA  UK  EU,4.96/5,
onelove321,Drugs/RCs,7 Grams A-PVP Powder,Having Trouble Loading Pics  PURE A-PVP Powder   NO CUTS WHAT SO EVER    a-PVP can be administered orally  sublingually  rectally  intravenously  intramuscularly  insufflated  and inhaled  ...,0.3955143582608695 BTC,USA,USA,4.92/5,
EverythingOnIt,Drugs/RCs,250g A-PVP 99% Pure Rock Crystals,250g of A-PVP 99% Pure Rock Crystals  FE Free express shipping Or  Non-FE express shipping option is available  Tracking Number will be provided for either options  It takes 5-10 working days ...,2.5083020823809523 BTC,China,,5.00/5,Average price may be skewed outliar > .5 BTC found
canadasunshine,Drugs/RCs,10 mg JWH-250 Spice K2 Synthetic Marijuana,The next incarnation of Spice K2 and JWH-018. It's the pure powder so be careful with this stuff! we're talking sub-mg hits in a bowl.   A good starting dose is the size of a grain of salt (.25 to ...,0.018955585 BTC,Canada,,4.96/5,
Fappy,Drugs/RCs,4-FA 50g,4-FA aka Flux  Related to amphetamine  it produces stimulant and entactogenic effects similar to MDMA (especially on the come up).  Dosage: 75 - 150 mg Duration:  4 - 12 hrs  This compound is  ...,1.2852734884000006 BTC,Canada USA  UK  EU,Canada  USA  UK  EU,4.96/5,
Fappy,Drugs/RCs,Pentedrone 5g,Pentedrone (HCL)  Produces a clear headed stimulant effects and mild euphoria. Great for working or socializing!  The comedown is mild and relaxing  allowing for a good night sleep afterwards  no  ...,0.24590852620689654 BTC,Canada USA  UK  EU,Canada  USA  UK  EU,4.96/5,
ChinaChem,Drugs/RCs,1kg 4-FMC,CAS number: 7589-35-7 Formula: C10H13FClNO Purity(HPLC): 99.5% Characteristics: White crystalline powder  Flephedrone  also known as 4-fluoromethcathinone (4-FMC)  is a stimulant drug of the cat ...,4.9398687246086945 BTC,China,,5.00/5,Average price may be skewed outliar > .5 BTC found
Fappy,Drugs/RCs,4-FA 10g,4-FA aka Flux  Related to amphetamine  it produces stimulant and entactogenic effects similar to MDMA (especially on the come up).  Dosage: 75 - 150 mg Duration:  4 - 12 hrs  This compound is  ...,0.386136402368421 BTC,Canada USA  UK  EU,Canada  USA  UK  EU,4.96/5,
ChinaChem,Drugs/RCs,Sample Dimethylone,CAS number: 109367-07-9 Formula: C12H15NO3 Purity(HPLC): 98.5%  bk-MDDMA (hydrochloride) is a potential psychotropic designer drug of the phenethylamine  amphetamine  and cathinone chemical class ...,0.08308350513043483 BTC,China,,5.00/5,
Fappy,Drugs/RCs,A-PVP 1g,A-PVP (HCL)  Produces stimulant and euphoric effects very similar to MDVP. Be aware that high doses can produce intense prolonged panic attacks and psychosis from frequent dosing and sleep withdraw ...,0.06544591321428571 BTC,Canada USA  UK  EU,Canada  USA  UK  EU,4.96/5,
FREE,Drugs/RCs,200gr. MDPPP FREE SHIP WITH TRACK,This shipment is with tracking number. The shipment must be signed to receive it. In case that the track is stuck I offer 50% reship.,2.454765925882352 BTC,China,,5.00/5,Average price may be skewed outliar > .5 BTC found
PsiloManufacture,Drugs/RCs,3mmc 3-MMC  Metaphedron 3 MMC 1g and Wholesale,Hi guys I'm new here but I can assure you that my services are at the highest level. My products as well.  I offer 1 gram 3MMC crystal. Very strong and fresh batch. Gives a real clean nice euphor ...,0.06757771983471071 BTC,EU,worldwide,4.85/5,
rc4me,Drugs/RCs,Butylone (bk-MBDB) - 10g,IUPAC : 1-(1 3-benzodioxol-5-yl)-2-(methylamino)butan-1-one  Pure bk-MBDB Hydrochloride from manufacture  1) EMS worldwide : + Shipping from China. + Tracking is providing. + Signature is requ ...,0.7554822386290321 BTC,China,,~5/5,
mssource,Drugs/RCs,PENTYLONE...!! 5 GRAM,PLZ ALWAYS READ MAIN PROFILE BEFORE ORDER ********************************************************************  Item::  Pentylone   Quanty:: 5 gram   Purity:: 99 8% Powder * High Definati ...,0.1477744347058824 BTC,World,WORLDWIDE,4.95/5,
mssource,Drugs/RCs,MDPPP...!! 10 GRAM,PLZ ALWAYS READ MAIN PROFILE BEFORE ORDER ********************************************************************  Item::  MDPPP   Quanty:: 10 gram   Purity:: 99 8% HCL Powder *High Definiti ...,0.32008219833333323 BTC,World,WORLDWIDE,4.95/5,
mssource,Drugs/RCs,4-FMA...!! 20 GRAM,PLZ ALWAYS READ MAIN PROFILE BEFORE ORDER ********************************************************************  Item::  4-FMA    Quanty:: 20 gram   Purity:: 99 8% Powder *High Definition  ...,0.8157800536666665 BTC,World,WORLDWIDE,4.95/5,
mssource,Drugs/RCs,A-PVP...!! 200 GRAM,PLZ ALWAYS READ MAIN PROFILE BEFORE ORDER ********************************************************************  Item::  A-PVP   Quanty:: 200 gram   Purity:: 99 8% HCL Transparent Chrystal ...,3.4440359480000002 BTC,World,WORLDWIDE,4.95/5,Average price may be skewed outliar > .5 BTC found
mssource,Drugs/RCs,BUPHEDRONE...!! 5 GRAM,PLZ ALWAYS READ MAIN PROFILE BEFORE ORDER ********************************************************************  Item::  Buphedrone   Quanty:: 5 gram   Purity:: 99 8% Powder *High Definiti ...,0.16478464066666668 BTC,World,WORLDWIDE,4.95/5,
drzheng,Drugs/RCs,250g crystal DIMETHYLONE- FREE worldwide shipping,250g of small CRYSTAL DIMETHYLONE (bk-mddma) shipped worldwide using discreet methods.  For more info please see our profile.  Please note:  Listing is for translucent small CRYSTAL product- we ...,4.39128438235294 BTC,China,Worldwide,4.99/5,Average price may be skewed outliar > .5 BTC found
mssource,Drugs/RCs,4F-PVP...!! 200 GRAM,PLZ ALWAYS READ MAIN PROFILE BEFORE ORDER ********************************************************************  Item::  4F-PVP   Quanty:: 200 gram   Purity:: 99 8% HCL Transparent Chrysta ...,2.2965077285185194 BTC,World,WORLDWIDE,4.95/5,Average price may be skewed outliar > .5 BTC found
FREE,Drugs/RCs,20gr. 2 FMA FREE SHIP WITH TRACK,2-Fluoromethamphetamine (2-FMA) is a stimulant drug from the amphetamine family which has rarely been found possessed as a designer drug. This shipment is with tracking number. The shipment must be  ...,1.3679725818181823 BTC,China,,5.00/5,
FREE,Drugs/RCs,20gr. 5-MAPBD  FREE SHIP WITH TRACK,This shipment is with tracking number. The shipment must be signed to receive it. In case that the track is stuck I offer 50% reship.,1.5611005124324324 BTC,China,,5.00/5,Average price may be skewed outliar > .5 BTC found
mssource,Drugs/RCs,VEVP...!! 500 GRAM,PLZ ALWAYS READ MAIN PROFILE BEFORE ORDER ********************************************************************  Item::  VEVP   Quanty:: 500 gram   Purity:: 99 8% HCL Powder *High Definiti ...,4.787817415 BTC,World,WORLDWIDE,4.95/5,Average price may be skewed outliar > .5 BTC found
drzheng,Drugs/RCs,500g crystal DIMETHYLONE- FREE worldwide shipping,500g of small CRYSTAL DIMETHYLONE (bk-mddma) shipped worldwide using discreet methods.  For more info please see our profile.  Please note:  Listing is for translucent small CRYSTAL product- we ...,6.0161351413207536 BTC,China,Worldwide,4.99/5,Average price may be skewed outliar > .5 BTC found
mssource,Drugs/RCs,PENTYLONE...!! 100 GRAM,PLZ ALWAYS READ MAIN PROFILE BEFORE ORDER ********************************************************************  Item::  Pentylone   Quanty:: 100 gram   Purity:: 99 8% Powder * High Defina ...,1.7351772358064514 BTC,World,WORLDWIDE,4.95/5,Average price may be skewed outliar > .5 BTC found
Jack_N_Hoff,Drugs/RCs,1500 grams of pure a-PVP crystals,1500 grams of a-PVP CRYSTALS express shipped with tracking.  Over 99% pure.  Please message me your location before ordering to make sure that I ship to your location.  FE is required.   I lost a ...,16.817705937653063 BTC,China New Zealand  Russia  Finland  Germany or the Middle East.,Worldwide except Australia  New Zealand  Russia  Finland  Germany or the Middle East.,4.94/5,Average price may be skewed outliar > .5 BTC found
mssource,Drugs/RCs,PENTEDRONE...!! 5 GRAM,PLZ ALWAYS READ MAIN PROFILE BEFORE ORDER ********************************************************************  Item::  Pentedrone   Quanty:: 5 gram   Purity:: 99 8% Powder/Chrystaline *  ...,0.14740837285714287 BTC,World,WORLDWIDE,4.95/5,
mssource,Drugs/RCs,MDPPP...!! 200 GRAM,PLZ ALWAYS READ MAIN PROFILE BEFORE ORDER ********************************************************************  Item::  MDPPP   Quanty:: 200 gram   Purity:: 99 8% HCL Powder *High Definit ...,2.8257572796153854 BTC,World,WORLDWIDE,4.95/5,Average price may be skewed outliar > .5 BTC found
onelove321,Drugs/RCs,28 Grams A-PVP Powder,PURE A-PVP    NO CUTS WHAT SO EVER    a-PVP can be administered orally  sublingually  rectally  intravenously  intramuscularly  insufflated  and inhaled    Positive effects  Euphoria  ...,1.55640804875 BTC,USA,USA,4.92/5,
mssource,Drugs/RCs,4-BMC...!! 100 GRAM,PLZ ALWAYS READ MAIN PROFILE BEFORE ORDER ********************************************************************  Item::  4-BMC   Quanty:: 100 gram   Purity:: 99 8% Big/Smal Chrystals * Hig ...,1.693071228888889 BTC,World,WORLDWIDE,4.95/5,
mssource,Drugs/RCs,4-FA...!! 500 GRAM,PLZ ALWAYS READ MAIN PROFILE BEFORE ORDER ********************************************************************  Item::  4-FA    Quanty:: 500 gram   Purity:: 99 8% Powder *High Definition  ...,5.549200819444443 BTC,World,WORLDWIDE,4.95/5,Average price may be skewed outliar > .5 BTC found
onelove321,Drugs/RCs,1 Gram A-PVP Rocks,1 Gram A-PVP Rocks  This listing is the for Rocked up A-PVP  Very clear crystals  Very strong  We ship very fast  FE is required  Pics coming soon.  ****ATTENTION EVERYONE******** We h ...,0.07372307611111109 BTC,USA,,4.92/5,
mssource,Drugs/RCs,MDPPP...!! 100 GRAM,PLZ ALWAYS READ MAIN PROFILE BEFORE ORDER ********************************************************************  Item::  MDPPP   Quanty:: 100 gram   Purity:: 99 8% HCL Powder *High Definit ...,1.2972879373333335 BTC,World,WORLDWIDE,4.95/5,
HigherGroundsNL,Drugs/RCs,**HIGH QUALITY** 4-FMP from Holland!! *1 Gram*,Hey guys   this is really the nicest batch of 4-FMP that I have tasted in about 5 years of using. For the first time  it was whiter then white. But the quality is really screaming!! Long nice euph ...,0.04666994307692307 BTC,Netherlands,,4.82/5,
MRUKSBEST,Drugs/RCs,PSYPRO listing 25gr.,Listing for psypro for 25gr mephedrone.,1.4724968678260866 BTC,UK,,5.00/5,
Althea,Drugs/RCs,50g - 5-Meo-MIPT,This listing is for 50 grams of 5-Meo-MIPT direct from the lab in china.  Quality is top notch. Shipping takes 1 to 3 weeks depending where you live.  FE required. Free Shipping and tracking number ...,1.1184837675675674 BTC,China,,~5/5,
mssource,Drugs/RCs,A-PVP...!! 100 GRAM,PLZ ALWAYS READ MAIN PROFILE BEFORE ORDER ********************************************************************  Item::  A-PVP   Quanty:: 100 gram   Purity:: 99 8% HCL Transparent Chrystal ...,1.6191816521875002 BTC,World,WORLDWIDE,4.95/5,Average price may be skewed outliar > .5 BTC found
mssource,Drugs/RCs,MDDMV...!! 50 GRAM,PLZ ALWAYS READ MAIN PROFILE BEFORE ORDER ********************************************************************  Item::  MDDMV   Quanty:: 50 gram   Purity:: 99 8% Chrystal *High Definition ...,0.8466531825925926 BTC,World,WORLDWIDE,4.95/5,
mssource,Drugs/RCs,VEVP...!! 100 GRAM,PLZ ALWAYS READ MAIN PROFILE BEFORE ORDER ********************************************************************  Item::  VEVP   Quanty:: 100 gram   Purity:: 99 8% HCL Powder *High Definiti ...,1.3382624417857145 BTC,World,WORLDWIDE,4.95/5,
nanosuit1,Drugs/RCs,5g 4-mec 4mec similar to mephedrone (5 grams - 5000mg),This listing is for 5g badass quality 4-mec!  Comes straight from the chemist  golden quality! Good looking crystals! Good replacement for mephedrone - meow - mcat!  Item shipped stealth.  Shi ...,0.15495733650000007 BTC,EU,WorldWide,1~2 deals,
mssource,Drugs/RCs,BUPHEDRONE...!! 1 KG,PLZ ALWAYS READ MAIN PROFILE BEFORE ORDER ********************************************************************  Item::  Buphedrone   Quanty:: 1 Kg   Purity:: 99 8% Powder *High Definition ...,7.468757623666665 BTC,World,WORLDWIDE,4.95/5,Average price may be skewed outliar > .5 BTC found
MiniDeal,Drugs/RCs,10g - (MPA) Methiopropamine 99%+ purity - Most similar to Meth,Methiopropamine (MPA) is an analog of METHAMPHETAMINE.  If you are looking for METH substitute  you found it Purity of this product is 99%+ !!! So please  use it responsibly! Its a well known che ...,0.36549919894736843 BTC,EU,Worldwide,4.90/5,
drzheng,Drugs/RCs,1g pure CRYSTAL a-PVP  APVP  APVP (improved MDPV alternative) with domestic USA shipping,NEW BATCH  BETTER POTENCY. Potent crystal material back in stock.  PRICE REDUCED 1g  for 25 USD + SHIPPING  By purchasing this listing you will receive 1g of CRYSTAL a-PVP APVP (improved MDPV a ...,0.060703824318181825 BTC,USA,USA,4.99/5,
Fappy,Drugs/RCs,100 x 4-AcO-DMT Geltabs (full sheet),4-AcO-DMT [100 geltabs] 10mg/each (full sheet)  Active orally (swallow it)  Fast acting  Each of these geltabs contain 10mg of 4-AcO-DMT (fumarate)  some gelatin and glycerin. It has a consiste ...,0.666527725 BTC,Canada USA  UK  EU,Canada  USA  UK  EU,4.96/5,
EverythingOnIt,Drugs/RCs,50g Ethylphenidate 99% Pure,50g of 99% Pure Ethylphenidate  FE Free express shipping Or  Non-FE express shipping option is available  Tracking Number will be provided for either options  It takes 5-10 working days to mo ...,0.8429109340000002 BTC,China,,5.00/5,
rc4me,Drugs/RCs,PV8 - 250g,IUPAC : 1-Phenyl-2-(pyrrolidin-1-yl)heptan-1-one  Pure PV8  Hydrochloride from manufacture  1) EMS worldwide : + Shipping from China. + Tracking is providing. + Signature is required.  We ne ...,3.9630676334374995 BTC,China,,~5/5,Average price may be skewed outliar > .5 BTC found
geoffreygiraffe,Drugs/RCs,3.5 Grams α-PVP Powder,Hello there  Ladies and Gentlemen.  I’m Geoffrey Giraffe  and I am here to provide top quality products for reasonable prices.  I believe in honest representations of my products as well as chemical  ...,0.12313947434782607 BTC,USA Canda  W. Europe,USA  Canda  W. Europe,5.000/5,
ChinaChem,Drugs/RCs,1000g Ethylphenidate Crystals,Product information Ethylphenidate (EP)  CAS number: 57413-43-1 Formula: C15H21NO2 Purity(HPLC): 99.5% Characteristics: White crystalline powder   Ethylphenidate (EP) (Wikipedia)  Ethylphen ...,9.475959148392851 BTC,China,Worldwide,5.00/5,Average price may be skewed outliar > .5 BTC found
geoffreygiraffe,Drugs/RCs,7 Grams α-PVP Powder,Hello there  Ladies and Gentlemen.  I’m Geoffrey Giraffe  and I am here to provide top quality products for reasonable prices.  I believe in honest representations of my products as well as chemical  ...,0.24091617692307693 BTC,USA Canda  W. Europe,USA  Canda  W. Europe,5.000/5,
FREE,Drugs/RCs,20gr. MDPPP FREE SHIP WITH TRACK,This shipment is with tracking number. The shipment must be signed to receive it. In case that the track is stuck I offer 50% reship.,0.9796635965625002 BTC,China,,5.00/5,
FREE,Drugs/RCs,5gr. MDPPP FREE SHIP WITH TRACK,This shipment is with tracking number. The shipment must be signed to receive it. In case that the track is stuck I offer 50% reship.,0.6141768315151513 BTC,China,,5.00/5,
SusnaSmith,Drugs/RCs,25 Grams Ethylphenidate,This listing is for 25 grams of Ethylphenidate.  It is in powder form.  This is a Ritalin analog.  Most people report that is stronger but shorter duration than Ritalin.,1.0013276191338583 BTC,USA,Worldwide,4.988/5,Average price may be skewed outliar > .5 BTC found
ChinaChem,Drugs/RCs,500g Pentedrone,Description  Product information Pentedrone:  CAS number: 879669-95-1  Formula: C12H18CLNO  Purity(HPLC): 99.5%  Characteristics: White crystalline powder   Pentedrone (Wikipedia):  Pe ...,4.429125754336283 BTC,China,,5.00/5,Average price may be skewed outliar > .5 BTC found
ChinaChem,Drugs/RCs,Ethylone 1000g E1 mdec,WE HAVE 2 KINDS OF ETHYLONE. PLEASE CHOOSE ONE: https://www.anonimg.com/img/1f2a6149c563843d11e77421f9b75bfd.png  Product information Ethylone: Formula: C12H15NO3  Purity(HPLC): 99.5%  Ethylone ...,8.467942465043475 BTC,China,,5.00/5,Average price may be skewed outliar > .5 BTC found
FREE,Drugs/RCs,200gr. AH-7921 FREE SHIP WITH TRACK,This shipment is with tracking number. The shipment must be signed to receive it. In case that the track is stuck I offer 50% reship.,5.096582429722222 BTC,China,,5.00/5,Average price may be skewed outliar > .5 BTC found
FREE,Drugs/RCs,1kg. MDPPP FREE SHIP WITH TRACK,This shipment is with tracking number. The shipment must be signed to receive it. In case that the track is stuck I offer 50% reship.,7.641126744848483 BTC,China,,5.00/5,Average price may be skewed outliar > .5 BTC found
ChinaChem,Drugs/RCs,50g AB-FUBINACA,Product information AB-FUBINACA:  CAS number: 1185282-01-2  Formula: C20H21FN4O2  Purity(HPLC): 99.5%  Characteristics: White powder  For more information's about our reship policy  please  ...,0.7953629758823529 BTC,China,,5.00/5,
Evangitis,Drugs/RCs,14g 4-FA,14g 4-FA; 4-Fluoroamphetamine,0.7631762842222224 BTC,USA,USA,5.00/5,
advancedgrowthlabs,Drugs/RCs,Cialis Caps 10mg x 50,For sale is 50 caps of cialis at 10mg a piece.    These are caps  not tabs  so you are not able to break them into smaller pieces.,0.11444366695121956 BTC,USA,,4.994/5,
solid,Drugs/RCs,2.5g Mephedrone 4-MMC Crystals 99%+ purity,## 99%+ pure Mephedrone / 4-MMC Crystals #### 4-Methylmethcathinone  Back when Mephedrone was legal I kind of fell in love with this substance.    After it was made illegal I couldn't find real M ...,0.15243916766990287 BTC,Germany,Worldwide,4.94/5,
batcountry,Drugs/RCs,DOC 2mg 10 blotters,2 5-Dimethoxy-4-chloroamphetamine    DOC is a psychedelic chemical.  good fun but make sure you have it early in the day or at least have a spare 24hrs.    The blotter is micropippetted (small ba ...,0.09391215333333333 BTC,Australia,,5.00/5,
ChinaChem,Drugs/RCs,100g Dimethylone,CAS number: 109367-07-9 Formula: C12H15NO3 Purity(HPLC): 98.5%  bk-MDDMA (hydrochloride) is a potential psychotropic designer drug of the phenethylamine  amphetamine  and cathinone chemical class ...,1.9842951988495576 BTC,China,,5.00/5,Average price may be skewed outliar > .5 BTC found
FREE,Drugs/RCs,10gr. AH-7921 FREE SHIP WITH TRACK,This shipment is with tracking number. The shipment must be signed to receive it. In case that the track is stuck I offer 50% reship.,1.1946940948648646 BTC,China,,5.00/5,
Fappy,Drugs/RCs,50 x 4-AcO-DMT Geltabs,4-AcO-DMT [50 geltabs] 10mg/each   Active orally (swallow it)  Fast acting  Each of these geltabs contain 10mg of 4-AcO-DMT (fumarate)  some gelatin and glycerin. It has a consistency of a gumm ...,0.5310819233333333 BTC,Canada USA  UK  EU,Canada  USA  UK  EU,4.96/5,
Fappy,Drugs/RCs,10 x 4-AcO-DMT Capsules 20mg,10 x 4-AcO-DMT Capsules 20mg Fumarate  Excellent 4-AcO-DMT 99%+ pure  straight from the lab  For experienced users only  please do your own research and use diligently.  Duration: 6-8 hrs  Or ...,0.1700286776470588 BTC,Canada USA  UK  EU,Canada  USA  UK  EU,4.96/5,
Evangitis,Drugs/RCs,3.54g 2-FMA,3.54g 2-FMA; 2-Fluoromethamphetamine,0.3163335764102565 BTC,USA,USA,5.00/5,
ChinaChem,Drugs/RCs,1000g Pentedrone,Description  Product information Pentedrone:  CAS number: 879669-95-1  Formula: C12H18CLNO  Purity(HPLC): 99.5%  Characteristics: White crystalline powder   Pentedrone (Wikipedia):  Pe ...,6.943865856551723 BTC,China,,5.00/5,Average price may be skewed outliar > .5 BTC found
Evangitis,Drugs/RCs,7g 4-FA,7g 4-FA; 4-Fluoroamphetamine,0.4709869744680851 BTC,USA,USA,5.00/5,
FREE,Drugs/RCs,10gr. Apvp Rock FREE SHIP WITH TRACK,This shipment is with tracking number. The shipment must be signed to receive it. In case that the track is stuck I offer 50% reship.,0.5907821146341464 BTC,China,,5.00/5,
Fappy,Drugs/RCs,4-AcO-DMT 250mg,250mg 4-AcO-DMT Fumarate  Excellent 4-AcO-DMT 99%+ pure  straight from the lab  For experienced users only  please do your own research and use diligently.  Duration: 6-8 hrs  Oral dose: Lig ...,0.10391056394736845 BTC,Canada USA  UK  EU,Canada  USA  UK  EU,4.96/5,
Fappy,Drugs/RCs,4-HO-MiPT  0.25g,4-HO-MiPT (fumarate) aka Miprocin  Created by Alexander Shulgin and described in his book TIHKAL entry#22.  If you want an easy visual experience with an epic body feeling try 4-HO-MiPT. It is gr ...,0.13196744041666678 BTC,Canada USA  UK  EU,Canada  USA  UK  EU,4.96/5,
EverythingOnIt,Drugs/RCs,50g Ethylone Moonrock Crystals,50g of Ethylone Moonrock Crystals  MDEA Methylone repalcement  FE Free express shipping Or  Non-FE express shipping option is available  Tracking Number will be provided for either options   ...,0.6843015709090905 BTC,China,,5.00/5,
FREE,Drugs/RCs,50gr. 6-MAPB FREE SHIP WITH TRACK,This shipment is with tracking number. The shipment must be signed to receive it. In case that the track is stuck I offer 50% reship.,1.9098625641666667 BTC,China,,5.00/5,Average price may be skewed outliar > .5 BTC found
ChinaChem,Drugs/RCs,*Old customers Listing* 1500g Ethylone E1,*THIS LISTING IS ONLY AVAILABLE FOR CUSTOMER WHO WERE CUSTOMERS BEFORE OUR PRICE CHANGES.*  WE HAVE 2 KINDS OF ETHYLONE. PLEASE CHOOSE ONE: https://www.anonimg.com/img/1f2a6149c563843d11e77421f9b75 ...,10.355928050571427 BTC,China,Worldwide,5.00/5,Average price may be skewed outliar > .5 BTC found
FREE,Drugs/RCs,50gr. 5-MAPB FREE SHIP WITH TRACK,This shipment is with tracking number. The shipment must be signed to receive it. In case that the track is stuck I offer 50% reship.,2.153317961428572 BTC,China,,5.00/5,Average price may be skewed outliar > .5 BTC found
rc4me,Drugs/RCs,a-PBP - 5g,IUPAC : (RS)-1-phenyl-2-(1-pyrrolidinyl)-1-butanone  Pure a-PBP Hydrochloride from manufacture  1) EMS worldwide : + Shipping from China. + Tracking is providing. + Signature is required.  W ...,0.58898864 BTC,China,,~5/5,
ChinaChem,Drugs/RCs,250g Ethylphenidate,Product information Ethylphenidate (EP)  CAS number: 57413-43-1 Formula: C15H21NO2 Purity(HPLC): 99.5% Characteristics: White crystalline powder   Ethylphenidate (EP) (Wikipedia)  Ethylphen ...,4.082813205221238 BTC,China,,5.00/5,Average price may be skewed outliar > .5 BTC found
Fappy,Drugs/RCs,10 x 4-AcO-DMT Geltabs,4-AcO-DMT [10 geltabs] 10mg/each   Active orally (swallow it)  Fast acting  Each of these geltabs contain 10mg of 4-AcO-DMT (fumarate)  some gelatin and glycerin. It has a consistency of a gumm ...,0.15604914310344822 BTC,Canada USA  UK  EU,Canada  USA  UK  EU,4.96/5,
PsiloManufacture,Drugs/RCs,METHOXETAMINE 0.5g  MXE  Wholesale available,Hi guys I'm new here but I can assure you that my services are at the highest level. My products as well.  I offer 0.5 gram METHOXETAMINE. Very strong dissociative action like with Ketamine. Fee ...,0.039794655000000005 BTC,EU,worldwide,4.85/5,
Evangitis,Drugs/RCs,7g 2-FMA,7g 2-FMA; 2-Fluoromethamphetamine,0.5489226694117645 BTC,USA,USA,5.00/5,
ChinaChem,Drugs/RCs,50g Pentedrone,Description  Product information Pentedrone:  CAS number: 879669-95-1  Formula: C12H18CLNO  Purity(HPLC): 99.5%  Characteristics: White crystalline powder   Pentedrone (Wikipedia):  Pe ...,1.330816559814815 BTC,China,,5.00/5,Average price may be skewed outliar > .5 BTC found
Fappy,Drugs/RCs,6-APDB 1g,6-APDB (HCL) aka 4-Desoxy-MDA  Created by David E. Nichols during his quest for non-neurotoxic MDMA analogs  it is an analog of MDA. Produces clean euphoria very similar to MDMA and a visual nature ...,0.15951874070175434 BTC,Canada USA  UK  EU,Canada  USA  UK  EU,4.96/5,
Fappy,Drugs/RCs,6-APDB 5g,6-APDB (HCL) aka 4-Desoxy-MDA  Created by David E. Nichols during his quest for non-neurotoxic MDMA analogs  it is an analog of MDA. Produces clean euphoria very similar to MDMA and a visual nature ...,0.7081967866197186 BTC,Canada USA  UK  EU,Canada  USA  UK  EU,4.96/5,
Fappy,Drugs/RCs,LSZ 2x Blotters 110mcg,Freshly laid 110mcg LSZ 2x Blotters  lysergic acid 2 4-dimethylazetidide L-tartrate  As an analog of LSD this compound must be treated with the utmost respect. LSZ is active under 100mcg.  This  ...,0.0405917125 BTC,Canada USA  UK  EU,Canada  USA  UK  EU,4.96/5,
rc4me,Drugs/RCs,a-PPP - 5g,IUPAC : (RS)-1-Phenyl-2-(1-pyrrolidinyl)-1-propanone  Pure a-PPP  Hydrochloride from manufacture  1) EMS worldwide : + Shipping from China. + Tracking is providing. + Signature is required.   ...,0.391915254 BTC,China,,~5/5,
rc4me,Drugs/RCs,a-PBP - 25g,IUPAC : (RS)-1-phenyl-2-(1-pyrrolidinyl)-1-butanone  Pure a-PBP Hydrochloride from manufacture  1) EMS worldwide : + Shipping from China. + Tracking is providing. + Signature is required.  W ...,1.0699276167213119 BTC,China,,~5/5,
FREE,Drugs/RCs,20gr.  4-EMC FREE SHIP WITH TRACK,This shipment is with tracking number. The shipment must be signed to receive it. In case that the track is stuck I offer 50% reship.,0.8335939524324324 BTC,China,,5.00/5,
rc4me,Drugs/RCs,2-FMA - 5g,IUPAC name : (RS)-1-(2-fluorophenyl)-N-methylpropan-2-amine  Pure 2-FMA Hydrochloride from manufacture  1) EMS worldwide : + Shipping from China. + Tracking is providing. + Signature is requir ...,0.42160191500000005 BTC,China,,~5/5,
ChinaChem,Drugs/RCs,5000g Ethylone E1 mdec,1st. NOTE: 5KG orders = FE ONLY! ALL OTHER PRODUCTS HAVE FULL ESCROW. 2nd. NOTE: MAXIMUM SIZE OF A PARCEL IS 1KG. 5KG ORDERS WILL BE SPITTED IN 5x1kg.  WE HAVE 2 KINDS OF ETHYLONE. PLEASE CHOOSE O ...,41.02181480693695 BTC,China,,5.00/5,Average price may be skewed outliar > .5 BTC found
drzheng,Drugs/RCs,1kg crystal DIMETHYLONE- FREE worldwide shipping,1kg of small CRYSTAL DIMETHYLONE (bk-mddma) shipped worldwide using discreet methods.  For more info please see our profile.  Please note:  Listing is for translucent small CRYSTAL product- we  ...,7.73564849153846 BTC,China,Worldwide,4.99/5,Average price may be skewed outliar > .5 BTC found
SusnaSmith,Drugs/RCs,2 Grams Ethylone,2 grams of Ethylone rocks.  The product you see pictured is the product you will receive.  For international customers  the product will be crushed for stealth purposes.  Enjoy.,0.12993854142857147 BTC,USA,Worldwide,4.988/5,
ReconnoiterConscious,Drugs/RCs,RC Starter Kit - Milligram Scale and Tiny Spoons Only,Highly accurate milligram (0.001g resolution) scale and tiny measuring spoons  for safely beginning your chemical adventures.  Spoon sizes are 1/4  1/12  1/16  1/32  and 1/64 of a teaspoon. Stainle ...,0.10986851490196078 BTC,USA,USA,4.658/5,
FREE,Drugs/RCs,5gr. AH-7921 FREE SHIP WITH TRACK,This shipment is with tracking number. The shipment must be signed to receive it. In case that the track is stuck I offer 50% reship.,0.6427076671428572 BTC,China,,5.00/5,
ChinaChem,Drugs/RCs,1000g Dimethylone,CAS number: 109367-07-9 Formula: C12H15NO3 Purity(HPLC): 98.5%  bk-MDDMA (hydrochloride) is a potential psychotropic designer drug of the phenethylamine  amphetamine  and cathinone chemical class ...,5.5928932382222225 BTC,China,,5.00/5,Average price may be skewed outliar > .5 BTC found
FREE,Drugs/RCs,500gr. 5-MAPBD  FREE SHIP WITH TRACK,This shipment is with tracking number. The shipment must be signed to receive it. In case that the track is stuck I offer 50% reship.,9.949880572702707 BTC,China,,5.00/5,Average price may be skewed outliar > .5 BTC found
Fappy,Drugs/RCs,4-HO-MiPT  0.5g,4-HO-MiPT (fumarate) aka Miprocin  Created by Alexander Shulgin and described in his book TIHKAL entry#22.  If you want an easy visual experience with an epic body feeling try 4-HO-MiPT. It is gr ...,0.23775027684210534 BTC,Canada USA  UK  EU,Canada  USA  UK  EU,4.96/5,
rc4me,Drugs/RCs,A-PVP (Big Crystals) - 250g,IUPAC : (RS)-1-phenyl-2-(1-pyrrolidinyl)-1-pentanone  Pure A-PVP Hydrochloride from manufacture  1) EMS worldwide : + Shipping from China. + Tracking is providing. + Signature is required.   ...,3.947640463225808 BTC,China,,~5/5,Average price may be skewed outliar > .5 BTC found
InternationalChems,Drugs/RCs,5GR - MDPV (EU stock!),High quality MDPV direct from our EU lab. ★ Please READ our entire profile before ordering. ★ No FE required! ★ Less than 24hs from order to shipping. ★ We DO NOT SHIP this product to: Austria  C ...,0.3155375825806451 BTC,EU GER and AUS,Worldwide except USA  GER and AUS,~5/5,
ChinaChem,Drugs/RCs,50g Ethylphenidate,Product information Ethylphenidate (EP)  CAS number: 57413-43-1 Formula: C15H21NO2 Purity(HPLC): 99.5% Characteristics: White crystalline powder   Ethylphenidate (EP) (Wikipedia)  Ethylphen ...,1.6693520506896553 BTC,China,,5.00/5,Average price may be skewed outliar > .5 BTC found
rc4me,Drugs/RCs,a-PBP - 100g,IUPAC : (RS)-1-phenyl-2-(1-pyrrolidinyl)-1-butanone  Pure a-PBP Hydrochloride from manufacture  1) EMS worldwide : + Shipping from China. + Tracking is providing. + Signature is required.  W ...,2.5187138636065556 BTC,China,,~5/5,Average price may be skewed outliar > .5 BTC found
InternationalChems,Drugs/RCs,10GR - MDPV (EU stock!),High quality MDPV direct from our EU lab. ★ Please READ our entire profile before ordering. ★ No FE required! ★ Less than 24hs from order to shipping. ★ We DO NOT SHIP this product to: Austria  C ...,0.5380128213793103 BTC,EU GER and AUS,Worldwide except USA  GER and AUS,~5/5,
rc4me,Drugs/RCs,PV8 - 10g,IUPAC : 1-Phenyl-2-(pyrrolidin-1-yl)heptan-1-one  Pure PV8  Hydrochloride from manufacture  1) EMS worldwide : + Shipping from China. + Tracking is providing. + Signature is required.  We ne ...,0.785111258780488 BTC,China,,~5/5,
rc4me,Drugs/RCs,4-FMA - 50g,IUPAC name : (RS)-1-(4-fluorophenyl)-N-methylpropan-2-amine  Pure 4-FMA Hydrochloride from manufacture  1) EMS worldwide : + Shipping from China. + Tracking is providing. + Signature is requir ...,1.87521516752 BTC,China,,~5/5,Average price may be skewed outliar > .5 BTC found
FREE,Drugs/RCs,500gr.5-APB FREE SHIP WITH TRACK,This shipment is with tracking number. The shipment must be signed to receive it. In case that the track is stuck I offer 50% reship.,9.254254038611109 BTC,China,,5.00/5,Average price may be skewed outliar > .5 BTC found
ChinaChem,Drugs/RCs,100g Ethylphenidate,Product information Ethylphenidate (EP)  CAS number: 57413-43-1 Formula: C15H21NO2 Purity(HPLC): 99.5% Characteristics: White crystalline powder   Ethylphenidate (EP) (Wikipedia)  Ethylphen ...,2.3408052271171167 BTC,,,5.00/5,Average price may be skewed outliar > .5 BTC found
geoffreygiraffe,Drugs/RCs,0.5 Grams Pure MDPV Powder,Hello there  Ladies and Gentlemen.  I’m Geoffrey Giraffe  and I am here to provide top quality products for reasonable prices.  I believe in honest representations of my products as well as chemical  ...,0.06914713416666667 BTC,USA Canada  W. Europe,USA  Canada  W. Europe,5.000/5,
Fappy,Drugs/RCs,25 x 4-AcO-DMT Geltabs,4-AcO-DMT [25 geltabs] 10mg/each   Active orally (swallow it)  Fast acting  Each of these geltabs contain 10mg of 4-AcO-DMT (fumarate)  some gelatin and glycerin. It has a consistency of a gumm ...,0.34357217571428567 BTC,Canada USA  UK  EU,Canada  USA  UK  EU,4.96/5,
FREE,Drugs/RCs,1kg. AH-7921 FREE SHIP WITH TRACK,This shipment is with tracking number. The shipment must be signed to receive it. In case that the track is stuck I offer 50% reship.,14.079792969743593 BTC,China,,5.00/5,Average price may be skewed outliar > .5 BTC found
FREE,Drugs/RCs,200gr. Apvp Rock FREE SHIP WITH TRACK,This shipment is with tracking number. The shipment must be signed to receive it. In case that the track is stuck I offer 50% reship.,2.932797715714285 BTC,China,,5.00/5,Average price may be skewed outliar > .5 BTC found
canadasunshine,Drugs/RCs,Many Research Chemicals!!,I have access to many R/C's msg me for a quote  I can do orders from a sample size of $10 and up. Shipped from Canada to Worldwide.   4-acetoxy-N N-dimethyltryptamine 4-acetoxy-N N-diethyltrypt ...,0.021066539999999998 BTC,Canada,,4.96/5,
EverythingOnIt,Drugs/RCs,100g Ethylphenidate 99% Pure,100g of 99% Pure Ethylphenidate  FE Free express shipping Or  Non-FE express shipping option is available  Tracking Number will be provided for either options  It takes 5-10 working days to m ...,1.34406889375 BTC,China,,5.00/5,
FREE,Drugs/RCs,1kg. 6-APB  FREE SHIP WITH TRACK,This shipment is with tracking number. The shipment must be signed to receive it. In case that the track is stuck I offer 50% reship.,16.807466153055557 BTC,China,,5.00/5,Average price may be skewed outliar > .5 BTC found
ChinaChem,Drugs/RCs,500g Ethylphenidate,Product information Ethylphenidate (EP)  CAS number: 57413-43-1 Formula: C15H21NO2 Purity(HPLC): 99.5% Characteristics: White crystalline powder   Ethylphenidate (EP) (Wikipedia)  Ethylphen ...,5.847448529210531 BTC,China,,5.00/5,Average price may be skewed outliar > .5 BTC found
geoffreygiraffe,Drugs/RCs,3.5 Grams Pure MDPV Powder,Hello there  Ladies and Gentlemen.  I’m Geoffrey Giraffe  and I am here to provide top quality products for reasonable prices.  I believe in honest representations of my products as well as chemical  ...,0.28700708695652183 BTC,USA Canada  W. Europe,USA  Canada  W. Europe,5.000/5,
ChinaChem,Drugs/RCs,100g Pentedrone,Description  Product information Pentedrone:  CAS number: 879669-95-1  Formula: C12H18CLNO  Purity(HPLC): 99.5%  Characteristics: White crystalline powder   Pentedrone (Wikipedia):  Pe ...,1.7193959074782605 BTC,China,Worldwide,5.00/5,Average price may be skewed outliar > .5 BTC found
FREE,Drugs/RCs,50gr.  4-EMC FREE SHIP WITH TRACK,This shipment is with tracking number. The shipment must be signed to receive it. In case that the track is stuck I offer 50% reship,1.3149652224324326 BTC,China,,5.00/5,
FREE,Drugs/RCs,200gr.  4-EMC FREE SHIP WITH TRACK,This shipment is with tracking number. The shipment must be signed to receive it. In case that the track is stuck I offer 50% reship.,2.902245401111111 BTC,China,,5.00/5,Average price may be skewed outliar > .5 BTC found
ChinaChem,Drugs/RCs,500g 4F-PVP,CAS number : 28117-76-2  purity: > 95%  YOU CAN FIND IMPORTANT INFORMATION'S LIKE OUR RESHIP POLICY ON OUR VENDOR PROFILE! PLEASE VISIT IT!!   Our Angora Topic: http://lacbzxobeprssrfx.onion/in ...,4.4926081353636365 BTC,China,Worldwide,5.00/5,Average price may be skewed outliar > .5 BTC found
onelove321,Drugs/RCs,3.5 Grams A-PVP Powder,PURE A-PVP    NO CUTS WHAT SO EVER    a-PVP can be administered orally  sublingually  rectally  intravenously  intramuscularly  insufflated  and inhaled    Positive effects  Euphoria  ...,0.195678045 BTC,USA,USA,4.92/5,
ChinaChem,Drugs/RCs,500g a-php (PV7) (apvp related),“alpha-PHP is a stimulant similar in dosing and effects to MDPV and alpha-PVP  I had already a pleasure to try this a couple of times … I found it a bit stronger than alpha-PVP but with less side eff ...,4.802699523999999 BTC,China,,5.00/5,Average price may be skewed outliar > .5 BTC found
ChinaChem,Drugs/RCs,* Old customers Listing* Ethylone 1000g E1 mdec,THIS LISTING IS ONLY AVAILABLE FOR CUSTOMER WHO WERE CUSTOMERS BEFORE OUR PRICE CHANGES.  WE HAVE 2 KINDS OF ETHYLONE. PLEASE CHOOSE ONE: https://www.anonimg.com/img/1f2a6149c563843d11e77421f9b75bf ...,7.039026057019233 BTC,China,Worldwide,5.00/5,Average price may be skewed outliar > .5 BTC found
ChinaChem,Drugs/RCs,Sample Ethylphenidate,Product information Ethylphenidate (EP)  CAS number: 57413-43-1 Formula: C15H21NO2 Purity(HPLC): 99.5% Characteristics: White crystalline powder   Ethylphenidate (EP) (Wikipedia)  Ethylphen ...,0.08330970245614039 BTC,China,,5.00/5,
FREE,Drugs/RCs,10gr.  4-EMC FREE SHIP WITH TRACK,This shipment is with tracking number. The shipment must be signed to receive it. In case that the track is stuck I offer 50% reship.,0.6555496883783786 BTC,China,,5.00/5,
SusnaSmith,Drugs/RCs,25 Grams Ethylone,25 grams of Ethylone rocks.  The product you see pictured is the product you will receive.  For international customers  the product will be crushed for stealth purposes.  Enjoy.,0.996830234190477 BTC,USA,Worldwide,4.988/5,Average price may be skewed outliar > .5 BTC found
Fappy,Drugs/RCs,6-APDB 0.5g,6-APDB (HCL) aka 4-Desoxy-MDA  Created by David E. Nichols during his quest for non-neurotoxic MDMA analogs  it is an analog of MDA. Produces clean euphoria very similar to MDMA and a visual nature ...,0.09918270154929575 BTC,Canada USA  UK  EU,Canada  USA  UK  EU,4.96/5,
onelove321,Drugs/RCs,14 Grams A-PVP Powder,****ATTENTION EVERYONE******** We have temporarily changed locations with that being said please use   https://temp.pm/  when sending address information for shipping our we are UNABLE to acce ...,0.7954955724000001 BTC,USA,USA,4.92/5,
FREE,Drugs/RCs,1kg.  4-EMC FREE SHIP WITH TRACK,This shipment is with tracking number. The shipment must be signed to receive it. In case that the track is stuck I offer 50% reship.,7.046129946857143 BTC,China,,5.00/5,Average price may be skewed outliar > .5 BTC found
ChinaChem,Drugs/RCs,1000g 4F-PVP,CAS number : 28117-76-2  purity: > 95%  YOU CAN FIND IMPORTANT INFORMATION'S LIKE OUR RESHIP POLICY ON OUR VENDOR PROFILE! PLEASE VISIT IT!!   Our Angora Topic: http://lacbzxobeprssrfx.onion/in ...,7.311443217142858 BTC,China,Worldwide,5.00/5,Average price may be skewed outliar > .5 BTC found
ChinaChem,Drugs/RCs,1000g a-php (PV7) (apvp related),“alpha-PHP is a stimulant similar in dosing and effects to MDPV and alpha-PVP  I had already a pleasure to try this a couple of times … I found it a bit stronger than alpha-PVP but with less side eff ...,6.5949259051219515 BTC,China,,5.00/5,Average price may be skewed outliar > .5 BTC found
FREE,Drugs/RCs,10gr. MDPPP FREE SHIP WITH TRACK,This shipment is with tracking number. The shipment must be signed to receive it. In case that the track is stuck I offer 50% reship.,0.7399664727272728 BTC,China,,5.00/5,
ChinaChem,Drugs/RCs,250g 4F-PVP,CAS number : 28117-76-2  purity: > 95%  YOU CAN FIND IMPORTANT INFORMATION'S LIKE OUR RESHIP POLICY ON OUR VENDOR PROFILE! PLEASE VISIT IT!!   Our Angora Topic: http://lacbzxobeprssrfx.onion/in ...,2.967292033771929 BTC,China,Worldwide,5.00/5,Average price may be skewed outliar > .5 BTC found
FREE,Drugs/RCs,500gr. AH-7921 FREE SHIP WITH TRACK,This shipment is with tracking number. The shipment must be signed to receive it. In case that the track is stuck I offer 50% reship.,8.080431476388892 BTC,China,,5.00/5,Average price may be skewed outliar > .5 BTC found
FREE,Drugs/RCs,100gr. 5-MAPBD  FREE SHIP WITH TRACK,This shipment is with tracking number. The shipment must be signed to receive it. In case that the track is stuck I offer 50% reship.,3.885189936571429 BTC,China,,5.00/5,Average price may be skewed outliar > .5 BTC found
FREE,Drugs/RCs,1kg.5-APB FREE SHIP WITH TRACK,This shipment is with tracking number. The shipment must be signed to receive it. In case that the track is stuck I offer 50% reship.,15.571858782972972 BTC,China,,5.00/5,Average price may be skewed outliar > .5 BTC found
EverythingOnIt,Drugs/RCs,100g A-PVP 99% Pure Rock Crystals,100g of A-PVP 99% Pure Rock Crystals  FE Free express shipping Or  Non-FE express shipping option is available  Tracking Number will be provided for either options  It takes 5-10 working days ...,1.0491519227659571 BTC,China,,5.00/5,
Evangitis,Drugs/RCs,3.54g 4-FA,3.54g 4-FA; 4-Fluoroamphetamine,0.28060753254901966 BTC,USA,USA,5.00/5,
FREE,Drugs/RCs,1 kg. 5-MAPB FREE SHIP WITH TRACK,This shipment is with tracking number. The shipment must be signed to receive it. In case that the track is stuck I offer 50% reship.,16.789063452352945 BTC,China,,5.00/5,Average price may be skewed outliar > .5 BTC found
ChinaChem,Drugs/RCs,250g Pentedrone,Description  Product information Pentedrone:  CAS number: 879669-95-1  Formula: C12H18CLNO  Purity(HPLC): 99.5%  Characteristics: White crystalline powder   Pentedrone (Wikipedia):  Pe ...,3.4477231744347834 BTC,China,Worldwide,5.00/5,Average price may be skewed outliar > .5 BTC found
Fappy,Drugs/RCs,4-FA 1g,4-FA aka Flux  Related to amphetamine  it produces stimulant and entactogenic effects similar to MDMA (especially on the come up).  Dosage: 75 - 150 mg Duration:  4 - 12 hrs  This compound is  ...,0.06029116431818182 BTC,Canada USA  UK  EU,Canada  USA  UK  EU,4.96/5,
FREE,Drugs/RCs,50gr. AH-7921 FREE SHIP WITH TRACK,This shipment is with tracking number. The shipment must be signed to receive it. In case that the track is stuck I offer 50% reship.,2.0258001124324316 BTC,China,,5.00/5,Average price may be skewed outliar > .5 BTC found
FREE,Drugs/RCs,500gr. 5-MAPB FREE SHIP WITH TRACK,This shipment is with tracking number. The shipment must be signed to receive it. In case that the track is stuck I offer 50% reship.,9.362751124864864 BTC,China,,5.00/5,Average price may be skewed outliar > .5 BTC found
advancedgrowthlabs,Drugs/RCs,Viagra Caps 25mg x 25,For sale is 25 caps of viagra at 25mg a piece. These are caps  not tabs  so you are not able to break them into smaller pieces.,0.0836668310126582 BTC,USA,,4.994/5,
FREE,Drugs/RCs,5gr. 5-MAPB FREE SHIP WITH TRACK,This shipment is with tracking number. The shipment must be signed to receive it. In case that the track is stuck I offer 50% reship.,0.856233984 BTC,China,,5.00/5,
EverythingOnIt,Drugs/RCs,250g Ethylone Moonrock Crystals,250g of Ethylone Moonrock Crystals  MDEA Methylone repalcement  FE Free express shipping Or  Non-FE express shipping option is available  Tracking Number will be provided for either options  ...,2.372581809285714 BTC,China,,5.00/5,Average price may be skewed outliar > .5 BTC found
ReconnoiterConscious,Drugs/RCs,1g 4-BMC,4-BMC is a research chemical similar to the substituted cathinone 4-MEC.,0.0949547297142857 BTC,USA,,4.658/5,
Fappy,Drugs/RCs,MAL 500mg,500mg MAL (Methallylescaline) HCL  Pristine batch of MAL 99%+ pure  straight from the lab  For experienced users only  please do your own research and use diligently.  Oral Dose: 40–65 mg Dura ...,0.08238710297872338 BTC,Canada USA  UK  EU,Canada  USA  UK  EU,4.96/5,
EverythingOnIt,Drugs/RCs,10g Sample of 2-FMA,10g Sample of 2-FMA  FE Free express shipping  Tracking Number will be provided  It takes 5-10 working days to most of countries,0.3973648363636365 BTC,China,,5.00/5,
geoffreygiraffe,Drugs/RCs,14 Grams α-PVP Powder,Hello there  Ladies and Gentlemen.  I’m Geoffrey Giraffe  and I am here to provide top quality products for reasonable prices.  I believe in honest representations of my products as well as chemical  ...,0.4284877638095238 BTC,USA Canda  W. Europe,USA  Canda  W. Europe,5.000/5,
FREE,Drugs/RCs,50gr. Apvp Rock FREE SHIP WITH TRACK,This shipment is with tracking number. The shipment must be signed to receive it. In case that the track is stuck I offer 50% reship.,1.4117404023255817 BTC,China,,5.00/5,Average price may be skewed outliar > .5 BTC found
geoffreygiraffe,Drugs/RCs,28 Grams Pure MDPV Powder,*******PGP IS REQUIRED. FULL FIRST AND LAST NAME MUST BE PROVIDED. ANY ORDER THAT DOES NOT MEET THESE REQUIREMENTS WILL BE CANCELLED. PLEASE SEE THE BOTTOM OF MY PROFILE FOR A QUICK HOW-TO IN PGP**** ...,1.6745387141176473 BTC,USA,,5.000/5,Average price may be skewed outliar > .5 BTC found
EverythingOnIt,Drugs/RCs,100g MXE Methoxetamine,100g of MXE Methoxetamine  FE Free express shipping  Tracking Number will be provided   It takes 5-10 working days to most of countries  Picture can be arranged via pgp message  Our quality ...,1.6284117212500002 BTC,China,,5.00/5,
EverythingOnIt,Drugs/RCs,1000g Ethylphenidate 99% Pure,1000g of 99% Pure Ethylphenidate  FE Free express shipping Available  Tracking Number will be provided for either options  It takes 5-10 working days to most of countries  Picture can be arra ...,7.638053989999999 BTC,China,,5.00/5,Average price may be skewed outliar > .5 BTC found
FREE,Drugs/RCs,5gr.5-APB FREE SHIP WITH TRACK,This shipment is with tracking number. The shipment must be signed to receive it. In case that the track is stuck I offer 50% reship.,0.6704066582352942 BTC,China,,5.00/5,
FREE,Drugs/RCs,5gr. 5-MAPBD  FREE SHIP WITH TRACK,This shipment is with tracking number. The shipment must be signed to receive it. In case that the track is stuck I offer 50% reship.,0.8477324131428571 BTC,China,,5.00/5,
ChinaChem,Drugs/RCs,1500g Ethylone Custom listing,WE HAVE 2 KINDS OF ETHYLONE. PLEASE CHOOSE ONE: https://www.anonimg.com/img/1f2a6149c563843d11e77421f9b75bfd.png  Product information Ethylone: Formula: C12H15NO3 Purity(HPLC): 99.5%  Ethylone  ...,12.676068497777775 BTC,China,Worldwide,5.00/5,Average price may be skewed outliar > .5 BTC found
FREE,Drugs/RCs,10gr. 5-MAPB FREE SHIP WITH TRACK,This shipment is with tracking number. The shipment must be signed to receive it. In case that the track is stuck I offer 50% reship.,1.3317920066666673 BTC,China,,5.00/5,
ChinaChem,Drugs/RCs,100g a-php (PV7) (apvp related),“alpha-PHP is a stimulant similar in dosing and effects to MDPV and alpha-PVP  I had already a pleasure to try this a couple of times … I found it a bit stronger than alpha-PVP but with less side eff ...,1.8047274512499996 BTC,China,,5.00/5,Average price may be skewed outliar > .5 BTC found
FREE,Drugs/RCs,500gr. 6-APB  FREE SHIP WITH TRACK,This shipment is with tracking number. The shipment must be signed to receive it. In case that the track is stuck I offer 50% reship.,9.954632983529416 BTC,China,,5.00/5,Average price may be skewed outliar > .5 BTC found
ChinaChem,Drugs/RCs,250g AB-FUBINACA,Product information AB-FUBINACA:  CAS number: 1185282-01-2  Formula: C20H21FN4O2  Purity(HPLC): 99.5%  Characteristics: White powder  For more information's about our reship policy  please  ...,2.085407299500001 BTC,China,,5.00/5,Average price may be skewed outliar > .5 BTC found
rainbowbear,Drugs/RCs,Ethylone (100 grams) Crystal *Methylone Replacement*,99.99% purity ethylone crystals. Product will be mostly white-off white rocks  possibly some shake/powder due to shipping and handling.  Escrow can be provided for well qualified buyers. If you hav ...,2.6175935228089884 BTC,USA,USA,5.00/5,Average price may be skewed outliar > .5 BTC found
ChinaChem,Drugs/RCs,100g 4F-PVP,CAS number : 28117-76-2  purity: > 95%  YOU CAN FIND IMPORTANT INFORMATION'S LIKE OUR RESHIP POLICY ON OUR VENDOR PROFILE! PLEASE VISIT IT!!   Our Angora Topic: http://lacbzxobeprssrfx.onion/in ...,1.729560782434782 BTC,China,Worldwide,5.00/5,Average price may be skewed outliar > .5 BTC found
rc4me,Drugs/RCs,MDPPP - 10g,IUPAC : (RS)-1-(3 4-methylenedioxyphenyl)-2-(1-pyrrolidinyl)-1-propanone  Pure MDPPP Hydrochloride from manufacture  1) EMS worldwide : + Shipping from China. + Tracking is providing. + Signat ...,0.7915528540800001 BTC,China,,~5/5,
gork,Forgeries/Physical documents,Custom made stamp,Full price around 160$ Shipping 5$  Custom made stamp (company  pharmacist  doctor  visa stamp  etc..) We can copy a stamp from picture and make it. Or make it with provided text. Price varies. ...,0.25371916628787883 BTC,EU,,~4/5,
space100...,Forgeries/Physical documents,Federal Law Enforcement Badges - Perfect Copies,I'm now offering US Badges at a discounted rate.  These items are drop shipped from my manufacturer.  Currently available:  AFOSI ATF CBP DEA DoD DSS FBI FDA FPS ICE INTERPOL IRS NCIS ...,1.1877350476190471 BTC,Torland,,~5/5,
namedeclined,Forgeries/Physical documents,♔ Forged Social Security Card ♔,This is a listing for a forged social security card. The card will look just like it looks in the picture (it is supposed to be offset as the real ones are printed that way). It will be printed on th ...,0.1366891354430379 BTC,USA,Worldwide,4.47/5,
gork,Forgeries/Physical documents,Fake Lithuanian Drivers License,Full price 410$ Shipping 5$ High quality Lithuanian Fake Driver's Licence. Can be used in Europe  Russia. Not sure about other Countries. If stopped  data for validity can only be checked in Lithua ...,1.078190273257575 BTC,EU,,~4/5,Average price may be skewed outliar > .5 BTC found
Aracay,Forgeries/Physical documents,Fake Diplomas For Worldwide Universities & Colleges,Original looking best quality certificates  diplomas and transcripts for worldwide universities  colleges  high or secondary schools.  Available Countries: Some African countries (ask)  Argentina  ...,2.4358020687837847 BTC,World,,~5/5,Average price may be skewed outliar > .5 BTC found
gork,Forgeries/Physical documents,Fake Lithuanian ID 2009,Full price 530 $ Shipping 5 $  High quality fake Lithuanian ID card. 2009 Version.  With your provided data and name  or we make up our own with picture.  Difference between older and newer ca ...,0.9567502830769231 BTC,EU,,~4/5,
Aracay,Forgeries/Physical documents,EU Citizenship & Residency ID Cards (Physical - Not Scans),Great quality (as original) Spanish & Other EU ID Cards.  Passport photograph  signature scan and ID information (Name  DOB etc.) is needed to create the card.  If you cannot or don't want to pro ...,2.2038048583620675 BTC,World,,~5/5,Average price may be skewed outliar > .5 BTC found
gork,Forgeries/Physical documents,Fake Lithuanian Drivers License (new version),Full price 530$ Shipping 5$ High quality Lithuanian Fake Driver's Licence. Can be used in Europe  Russia. Not sure about other Countries. If stopped  data for validity can only be checked in Lithua ...,1.1573644639999998 BTC,EU,,~4/5,
gork,Forgeries/Physical documents,Fake Danish Passport,Full price 2400 $ Shipping 5 $  Fake Danish passport. Made from a real Danish government passport (real passport is taken from another parson  data and picture is changed) so quality is 1:1 to a r ...,2.8089867931343284 BTC,EU,Worldwide,~4/5,Average price may be skewed outliar > .5 BTC found
hsytk,Forgeries/Physical documents,Best Fake Diploma Part 1,Can do most universities in the U.S. message me first to check.  Please do not compare our price with the cheap $100 dollar printed ones on the open market. If you want to seriously use this as it  ...,0.9166870594117644 BTC,,,~5/5,
Ace_Of_Spades,Forgeries/Physical documents,5 x Copy of Australian NSW Drivers Licence,♠ ♠ ♠ This listing is for a forged physical copy of a 'NSW Drivers License'. ♠ ♠ ♠   5X NSW DRIVERS LICENSE FOR $1500 - DISCOUNT $250  *** Read all the fine print before purchasing ID's***  Due ...,5.029161473739132 BTC,Australia,,4.92/5,Average price may be skewed outliar > .5 BTC found
Good-IDs,Forgeries/Physical documents,New Jersey Fake ID,Fake ID with all security features Real Multi Spec Holograms UV ink Customized Barcode Encoded Has been tested to work in state  Please include the following when you order your fake ID  High ...,0.30429055826923085 BTC,USA,Worldwide,4.83/5,
Mike,Forgeries/Physical documents,Custom IDs/DLs (PLEASE READ!),I can offer Custom ID  Cards  -- Picture proof of ordered product will be sent once you have placed your order and when your order is finished  with full escrow of course as always.  Please send m ...,0.7097560030952381 BTC,World,,4.67/5,Average price may be skewed outliar > .5 BTC found
Mike,Forgeries/Physical documents,German National ID Card,When you order  please send me: First Name Last Name Date of Birth  Upload your Scanned ID Photo (white background) and optional your Scanned Signature to www.anonfiles.com and send the links to ...,0.8761515787500002 BTC,World,,4.67/5,
businessdude,Forgeries/Physical documents,A+ DRIVING LICENSES - All necessary security features 1:1 will scan at stores; banks   grocery etc.,Greetings   I am businessdude! the old top rated vendor on BMR. With ~240 positive feedback's and successful transactions. Our Fake IDs are the highest quality on the darknet.  We're very serious ...,0.9580388914516128 BTC,USA,,4.88/5,Average price may be skewed outliar > .5 BTC found
Mike,Forgeries/Physical documents,Hungary Drivers Licence,When you order  please send me: First Name Last Name Date of Birth Address   Upload your Scanned ID Photo (white background) and optional your Scanned Signature to www.anonfiles.com and send th ...,0.8568967765853656 BTC,,,4.67/5,
Mike,Forgeries/Physical documents,Denmark Drivers Licence,When you order  please send me: First Name Last Name Date of Birth Place of Birth  Upload your Scanned ID Photo (white background) and optional your Scanned Signature to www.anonfiles.com and s ...,0.8595855654545455 BTC,,,4.67/5,
Ace_Of_Spades,Forgeries/Physical documents,Australian NSW Drivers Licence,♠ ♠ ♠ This listing is for a forged physical copy of a 'NSW Drivers License ♠ ♠ ♠   *** Read all the fine print before purchasing ID's***  Due to recent confusion  with a customer we need to chang ...,2.1425423083050847 BTC,Australia,,4.92/5,Average price may be skewed outliar > .5 BTC found
Mike,Forgeries/Physical documents,Australia  VIC Heavy Vehicle Drivers Licence,When you order  please send me: First Name Last Name Date of Birth Address (VIC)  Upload your Scanned ID Photo (white background) and optional your Scanned Signature to www.anonfiles.com and se ...,0.6653140255660384 BTC,,,4.67/5,
Mike,Forgeries/Physical documents,Italian Drivers Licence,When you order  please send me: First Name Last Name Date of Birth Address Driver Classes (Car/Motorcycle/Truck  etc.)  Upload your Scanned ID Photo (white background) and optional your Scanne ...,0.8459774907936506 BTC,World,,4.67/5,
Mike,Forgeries/Physical documents,Belgium National ID card,When you order  please send me: First Name Last Name Date of Birth Place of Birth  Upload your Scanned ID Photo (white background) and optional your Scanned Signature to www.anonfiles.com and s ...,1.1098888262295077 BTC,,,4.67/5,Average price may be skewed outliar > .5 BTC found
Mike,Forgeries/Physical documents,Israel Drivers Licence,When you order  please send me: First Name Last Name Date of Birth  Upload your Scanned ID Photo (white background) and optional your Scanned Signature to www.anonfiles.com and send the links to ...,0.8083469122047248 BTC,World,,4.67/5,
Mike,Forgeries/Physical documents,AUS VIC Drivers Licence,When you order  please send me: First Name Last Name Date of Birth Address (VIC)  Upload your Scanned ID Photo (white background) and optional your Scanned Signature to www.anonfiles.com and se ...,0.823117774878049 BTC,World,,4.67/5,
namedeclined,Forgeries/Physical documents,♔ AAA Emergency Road Service Membership Card ♔,This listing is for a forged AAA Emergency Road Service membership card. These are used to get roadside service when your car is broken down  has a dead battery  runs out of gas  or needs a tow along ...,0.13830109384615388 BTC,USA,Worldwide,4.47/5,
namedeclined,Forgeries/Physical documents,♔ Forged Service Dog ID / Fake Guide Dog ID Card ♔,This listing is for a forged / fake United States Service Dog Registry ID card. This is the legal card required to ID all service dogs in the United States. This is made from a template of the real o ...,0.13797949329113926 BTC,USA,Worldwide,4.47/5,
AgentSmith008,Forgeries/Physical documents,BEST Quality Fake California ID Anywhere – Scan/UV/Bend Test/Holos,-=-=-=-=-=-=-=-=-=-=-=-=-=-=-=-=-=-=-=-=-=-=- TEMPORARY SALE PRICE THIS WEEK ONLY -=-=-=-=-=-=-=-=-=-=-=-=-=-=-=-=-=-=-=-=-=-=- Through the end of THIS WEEK ONLY  my IDs are $90 off - $160 each!!  ...,0.3825676396363637 BTC,,Worldwide,4.96/5,
Mike,Forgeries/Physical documents,Australia  NSW Drivers Licence,When you order  please send me: First Name Last Name Date of Birth Address (NSW)  Upload your Scanned ID Photo (white background) and optional your Scanned Signature to www.anonfiles.com and se ...,0.5901775132110094 BTC,World,,4.67/5,
Mike,Forgeries/Physical documents,Poland Drivers Licence,When you order  please send me: First Name Last Name Date of Birth Address   Upload your Scanned ID Photo (white background) and optional your Scanned Signature to www.anonfiles.com and send th ...,0.8615612431404958 BTC,,,4.67/5,
Mike,Forgeries/Physical documents,Australia  TAS Provisional Drivers Licence,When you order  please send me: First Name Last Name Date of Birth Address (TAS)  Upload your Scanned ID Photo (white background) and optional your Scanned Signature to www.anonfiles.com and se ...,0.6679716587850467 BTC,,,4.67/5,
Mike,Forgeries/Physical documents,Spain National ID card,When you order  please send me: First Name Last Name Date of Birth Place of Birth  Upload your Scanned ID Photo (white background) and optional your Scanned Signature to www.anonfiles.com and s ...,1.1169041991869915 BTC,,,4.67/5,Average price may be skewed outliar > .5 BTC found
Mike,Forgeries/Physical documents,French Drivers Licence,When you order  please send me: First Name Last Name Date of Birth Address Driver Classes (Car/Motorcycle/Truck  etc.)  Upload your Scanned ID Photo (white background) and optional your Scanne ...,0.9501129835937502 BTC,World,,4.67/5,
Mike,Forgeries/Physical documents,Canada Permanent Resident Card,When you order  please send me: First Name Last Name Date of Birth Height Color of Eyes Nationality Country of Birth  Upload your Scanned ID Photo (white background) and optional your Scanne ...,0.8081772900775196 BTC,World,,4.67/5,
namedeclined,Forgeries/Physical documents,♔ Forged Blue Cross Blue Shield Health Care Card ♔,This listing is for a forged Blue Cross Blue Shield health insurance card / proof of insurance card. These cards are printed double sided and are plastic heat laminated cards. They are waterproof and ...,0.1379582318987342 BTC,USA,Worldwide,4.47/5,
Mike,Forgeries/Physical documents,NZ Firearms Licence,When you order  please send me: First Name Last Name Date of Birth Address   Upload your Scanned ID Photo (white background) and optional your Scanned Signature to www.anonfiles.com and send th ...,0.6058100473999999 BTC,,,4.67/5,
Mike,Forgeries/Physical documents,New Zealand Drivers Licence,When you order  please send me: First Name Last Name Date of Birth  Upload your Scanned ID Photo (white background) and optional your Scanned Signature to www.anonfiles.com and send the links to ...,0.8127130442857144 BTC,World,,4.67/5,
Mike,Forgeries/Physical documents,Ireland Drivers Licence,When you order  please send me: First Name Last Name Date of Birth Address   Upload your Scanned ID Photo (white background) and optional your Scanned Signature to www.anonfiles.com and send th ...,0.8543442750413223 BTC,,,4.67/5,
ident!ty,Forgeries/Physical documents,Fake ID - South Carolina (SC) Driver's License [holo+uv+micro] [scans+bends],Said to be among the finest novelty credentials on the market  our fake IDs are meticulously forged using DMV-grade equipment and skilled hands to look  feel  and pretty much exactly like real state- ...,0.24391019142857145 BTC,USA,USA,4.95/5,
Mike,Forgeries/Physical documents,Finland Drivers Licence,When you order  please send me: First Name Last Name Date of Birth Address   Upload your Scanned ID Photo (white background) and optional your Scanned Signature to www.anonfiles.com and send th ...,0.8537631566129031 BTC,,,4.67/5,
Mike,Forgeries/Physical documents,Australia  SA Drivers Licence,When you order  please send me: First Name Last Name Date of Birth Address (SA)  Upload your Scanned ID Photo (white background) and optional your Scanned Signature to www.anonfiles.com and sen ...,0.6671257445714286 BTC,,,4.67/5,
the_g0dfather,Forgeries/Physical documents,Illinois Fake ID HOLO/UV/BEND/SCAN,This listing is for 1 Illinois Fake ID.  ON $ALE  $AVE MONEY NOW! ONLY $60 lIMITED TIME!!!!!   *****PLEASE READ MY PROFILE PAGE & THIS ENTIRE PAGE BEFORE ORDERING*****  **********************  ...,11.066842634727273 BTC,,World Wide,5.00/5,Average price may be skewed outliar > .5 BTC found
gork,Forgeries/Physical documents,KAUNAS UNIVERSITY OF TECHNOLOGY DIPLOMA,Full price 1990 $ Shipping 5 $  Made from original paper with original signatures and watermarks. 7 Pages in English and Lithuanian languages. Valid and accepted in EU and most of the other count ...,3.925590496818181 BTC,EU,,~4/5,Average price may be skewed outliar > .5 BTC found
ThreeKings,Forgeries/Physical documents,EU Passport 1:1 Superb quality,Lithuania is a part of Europe union  so you can use it for work  migration to EU union country  renting a car or other reasons.  Sorry  but you have to FE for orders if you wish to order  exception ...,5.174984629756098 BTC,EU,Worldwide,5.00/5,Average price may be skewed outliar > .5 BTC found
flawlessfakeids,Forgeries/Physical documents,Fake Netherlands (Dutch) National ID Card - High quality Replica,Netherlands Fake National ID Card  Description:  The Netherlands Fake National ID card is a very high quality replica ID  and has been incredibly popular among our German Customers for use as ID  ...,1.233645420075758 BTC,EU,Worldwide,5.00/5,Average price may be skewed outliar > .5 BTC found
flawlessfakeids,Forgeries/Physical documents,Fake UK Driving Licence and Paper Counterpart - 1:1 Bank Quality Replica,UK Fake Driving Licence and Paper Counterpart  Description:  This UK Fake Driving Licence has been our top selling ID for more than 7 years running! This licence is the 1999-2007 style  and is va ...,1.401452539545455 BTC,EU,Worldwide,5.00/5,Average price may be skewed outliar > .5 BTC found
flawlessfakeids,Forgeries/Physical documents,Fake Romanian National ID - 1:1 Bank Quality Replica,Romanian Fake National ID Card  Description:  The Romanian National ID is a Perfect 1:1 replica of an original. This ID is a current style  and are fully valid for 10 years from the date of issue ...,1.234771964076924 BTC,EU,Worldwide,5.00/5,Average price may be skewed outliar > .5 BTC found
flawlessfakeids,Forgeries/Physical documents,Fake Florida Drivers License - 1:1 Multispec Hologram/UV/Swipes and Scans,Currently out of stock - coming soon!  Florida Fake Driving Licence  Description:  Our Florida License is the current issue style license. This ID a 1:1 replica and features full multispectrum  ...,0.8399796241441443 BTC,EU,Worldwide,5.00/5,Average price may be skewed outliar > .5 BTC found
flawlessfakeids,Forgeries/Physical documents,Fake Italian National ID - 1:1 Bank Quality Replica,Italian Fake National ID Card (Carta d'Identita).  Description:  Our Italian National ID Card is a perfect 1:1 replica of the real thing  and is printed on correct non-fluorescing paper  and bare ...,1.2410697024615387 BTC,EU,Worldwide,5.00/5,Average price may be skewed outliar > .5 BTC found
livinglarge,Forgeries/Physical documents,custom hotel booking,Canada hotel,2.2505220031124162 BTC,,,5.00/5,Average price may be skewed outliar > .5 BTC found
flawlessfakeids,Forgeries/Physical documents,Fake French Driving Licence - UV and OVI security features!,French Driving Licence  Description:  This French Fake Driving Licence is very high quality copy of the real thing. This style licence was issued up to December of 2012  and does not have an expi ...,1.241069250461539 BTC,EU,Worldwide,5.00/5,Average price may be skewed outliar > .5 BTC found
Mike,Forgeries/Physical documents,Austria Drivers Licence,When you order  please send me: First Name Last Name Date of Birth Address   Upload your Scanned ID Photo (white background) and optional your Scanned Signature to www.anonfiles.com and send th ...,0.8976976778703702 BTC,,,4.67/5,
flawlessfakeids,Forgeries/Physical documents,Fake Irish Driving Licence - 1:1 Bank Quality Replica,Irish Driving Licence  Description:  This Irish Fake Driving Licence is a perfect 1:1 copy of the real thing. This style licence was issued up to December of 2012  and is in current circulation a ...,1.2378763266412216 BTC,EU,Worldwide,5.00/5,Average price may be skewed outliar > .5 BTC found
AmicoFriz,Forgeries/Physical documents,Italian Drive License,Best Quality   Italian Drive License,0.8241244133980586 BTC,,,4.77/5,
ident!ty,Forgeries/Physical documents,DUPLICATE Fake ID - South Carolina (SC) Driver's License,This listing is for a DUPLICATE print of IDs ordered within the past 45 days (all encrypted ID and transaction data is automatically purged after 45 days).  Please send your original order number a ...,0.14033859786885247 BTC,USA,,4.95/5,
flawlessfakeids,Forgeries/Physical documents,Fake German National ID Card (Personalausweis) - 1:1 Security features!,German Fake National ID Card (Personalausweis).  Description:  We are especially proud of our German National ID Card Replica  as we have gone to painstaking efforts to replicate its many advance ...,2.2462208621212114 BTC,EU,Worldwide,5.00/5,Average price may be skewed outliar > .5 BTC found
space100...,Forgeries/Physical documents,Credential Consultation - Part 1 of 3,This auction is the non-refundable deposit portion of our Credential order process.  Once this order is finalized  we can discuss the details required for your requirements.  We offer a full line of  ...,0.5 BTC,Torland,,~5/5,
livinglarge,Forgeries/Physical documents,loco flight booking,"$1,110 ",3.76342060810345 BTC,,,5.00/5,Average price may be skewed outliar > .5 BTC found
flawlessfakeids,Forgeries/Physical documents,Fake Italian Drivers Licence - 1:1 Bank Quality,Italy Fake Driving Licence  Description:  Our Italian Licence is a 1:1 replica and features fine microprint  a secure signature area with RED UV features  and RED UV on the rear of the ID (the It ...,1.236410853787879 BTC,EU,Worldwide,5.00/5,Average price may be skewed outliar > .5 BTC found
FakeMarket,Forgeries/Physical documents,Physical Social Security Number Card,Social Security Number Card,0.601484871388889 BTC,Torland,,4.96/5,
livinglarge,Forgeries/Physical documents,samm hotel booking,"$2,128 ",4.085702093928572 BTC,,,5.00/5,Average price may be skewed outliar > .5 BTC found
ThreeKings,Forgeries/Physical documents,EU Lithuanian driving license SuperB quality,this is a SuperB quality version  1:1 to the real thing. Lithuanian driving license  any desired category added  custom data entered. after purchase i will give you the email  to witch send the d ...,2.8768358746341463 BTC,EU,Worldwide,5.00/5,Average price may be skewed outliar > .5 BTC found
ThreeKings,Forgeries/Physical documents,EU Passport 1:1 Good quality,Lithuania is a part of Europe union  so you can use it for work  migration to EU union country  renting a car or other reasons.  Sorry  but you have to FE for orders if you wish to order  exception ...,4.2871581316923075 BTC,EU,,5.00/5,Average price may be skewed outliar > .5 BTC found
gork,Forgeries/Physical documents,Fake UK drivers licence,Full price 410 $ Shipping 5 $ High quality Fake UK drivers license 2007 version. Any category. (motorcycles  vehicles  trucks  buses)  We will need. Pictures ( passport like face picture + scane ...,0.77592186 BTC,EU,worldwide,~4/5,
flawlessfakeids,Forgeries/Physical documents,Fake Netherlands (Dutch) Driving Licence - High Quality Repica,Netherlands Fake Driving Licence  Description:  This Netherlands Fake Driving Licence is a current issue style. This high quality licence features a golden Kinnegram (Hologram) feature on the fro ...,1.2378758780916035 BTC,EU,Worldwide,5.00/5,Average price may be skewed outliar > .5 BTC found
gork,Forgeries/Physical documents,Fake Lithuanian ID Card,Full price 410 $ Shipping 5 $  High quality fake Lithuanian ID card.  With your provided data and name  or we make up our own with picture.  We will need.  Pictures ( passport like face pict ...,1.0781770046212118 BTC,EU,Worldwide,~4/5,Average price may be skewed outliar > .5 BTC found
Mike,Forgeries/Physical documents,Latvia (EU) Drivers Licence,When you order  please send me: First Name Last Name Date of Birth Address   Upload your Scanned ID Photo (white background) and optional your Scanned Signature to www.anonfiles.com and send th ...,0.644595241842105 BTC,,,4.67/5,
gork,Forgeries/Physical documents,Fake Lithuanian Passport (old version),Full price: 1900$ Shipping: 5$  Fake Lithuanian passport. Made from a real Lithuanian government passport template  so quality is 1:1 to a real thing  has all the security features and original pa ...,3.8031497530769234 BTC,EU,,~4/5,Average price may be skewed outliar > .5 BTC found
gork,Forgeries/Physical documents,Fake Lithuanian Passport,Full price 1650 $ Shipping 5 $  Fake Lithuanian passport. Made from a real Lithuanian government passport template  so quality is 1:1 to a real thing  has all the security features and original pa ...,2.4756353186153834 BTC,EU,,~4/5,Average price may be skewed outliar > .5 BTC found
Mike,Forgeries/Physical documents,Australia  SA Provisional Drivers Licence,When you order  please send me: First Name Last Name Date of Birth Address (SA)  Upload your Scanned ID Photo (white background) and optional your Scanned Signature to www.anonfiles.com and sen ...,0.6651859455045873 BTC,,,4.67/5,
Mike,Forgeries/Physical documents,Singapore Drivers Licence,When you order  please send me: First Name Last Name Date of Birth Address in Singapore  Upload your Scanned ID Photo (white background) and optional your Scanned Signature to www.anonfiles.com ...,0.8068533470542638 BTC,World,,4.67/5,
Mike,Forgeries/Physical documents,Australia  WA Heavy Vehicle Drivers Licence,When you order  please send me: First Name Last Name Date of Birth Address (WA)  Upload your Scanned ID Photo (white background) and optional your Scanned Signature to www.anonfiles.com and sen ...,0.6640170489719626 BTC,,,4.67/5,
Mike,Forgeries/Physical documents,Macao Drivers Licence,When you order  please send me: First Name Last Name Date of Birth Address (VIC)  Upload your Scanned ID Photo (white background) and optional your Scanned Signature to www.anonfiles.com and se ...,0.793749154205608 BTC,,,4.67/5,
Mike,Forgeries/Physical documents,University Degrees - USA  UK  DE  FR  SG,This listing is for 1X fake University Degree.   Perfect to be used at places where they just do cursory inspection (eg: where they just look at the seal and appearance of the degree itself  withou ...,1.3969597514634144 BTC,World,,4.67/5,Average price may be skewed outliar > .5 BTC found
Mike,Forgeries/Physical documents,Singapore National ID Card,When you order  please send me: First Name Last Name Date of Birth Address  Upload your Scanned ID Photo (white background) and optional your Scanned Signature to www.anonfiles.com and send the ...,0.806754849767442 BTC,World,,4.67/5,
namedeclined,Forgeries/Physical documents,♔ Forged American Red Cross Cards - All Courses Available ♔,This listing is for forged American Red Cross certification cards. This order comes with 2 identical cards so you will have a spare. These cards are exact copies made real ones and printed on the sam ...,0.1379792769620253 BTC,USA,Worldwide,4.47/5,
Mike,Forgeries/Physical documents,German Drivers Licence,When you order  please send me: First Name Last Name Date of Birth  Upload your Scanned ID Photo (white background) and optional your Scanned Signature to www.anonfiles.com and send the links to ...,0.8388028249593494 BTC,World,,4.67/5,
Mike,Forgeries/Physical documents,Australia  WA Drivers Licence,When you order  please send me: First Name Last Name Date of Birth Address (WA)  Upload your Scanned ID Photo (white background) and optional your Scanned Signature to www.anonfiles.com and sen ...,0.6828443748333337 BTC,,,4.67/5,
Mike,Forgeries/Physical documents,South Africa Drivers Licence,When you order  please send me: First Name Last Name Date of Birth Address   Upload your Scanned ID Photo (white background) and optional your Scanned Signature to www.anonfiles.com and send th ...,0.8245294265573773 BTC,,,4.67/5,
Good-IDs,Forgeries/Physical documents,custom order,custom order,1.0210728810526317 BTC,,,4.83/5,Average price may be skewed outliar > .5 BTC found
namedeclined,Forgeries/Physical documents,♔ Forged Rutgers State University Student ID ♔,This is a listing for a Rutgers State University Student ID. This university is a college in New Jersey. This forgery was created from scans of real Rutgers University ID card. The ID can be either a ...,0.12625691999999994 BTC,USA,Worldwide,4.47/5,
Mike,Forgeries/Physical documents,Swedish Drivers Licence,When you order  please send me: First Name Last Name Date of Birth Address Driver Classes (Car/Motorcycle/Truck  etc.)  Upload your Scanned ID Photo (white background) and optional your Scanne ...,0.8070097632031252 BTC,World,,4.67/5,
Mike,Forgeries/Physical documents,Seychelles National ID Card,When you order  please send me: First Name Last Name Date of Birth Address   Upload your Scanned ID Photo (white background) and optional your Scanned Signature to www.anonfiles.com and send th ...,0.8158310141025645 BTC,,,4.67/5,
Mike,Forgeries/Physical documents,Australia NSW Mobility Parking Scheme,When you order  please send me: First Name Last Name Date of Birth Address (NSW)  Upload your Scanned ID Photo (white background) and optional your Scanned Signature to www.anonfiles.com and se ...,0.6805995204201685 BTC,,,4.67/5,
Mike,Forgeries/Physical documents,custom order 4 faust,custom order 4 faust,4.017620506082475 BTC,,,4.67/5,Average price may be skewed outliar > .5 BTC found
Mike,Forgeries/Physical documents,Australia  VIC Boat Operator Licence,When you order  please send me: First Name Last Name Date of Birth Address (VIC)  Upload your Scanned ID Photo (white background) and optional your Scanned Signature to www.anonfiles.com and se ...,0.6667253428703704 BTC,,,4.67/5,
Mike,Forgeries/Physical documents,Czech Drivers Licence,When you order  please send me: First Name Last Name Date of Birth Address   Upload your Scanned ID Photo (white background) and optional your Scanned Signature to www.anonfiles.com and send th ...,0.8582950344999999 BTC,,,4.67/5,
Mike,Forgeries/Physical documents,French National ID Card,When you order  please send me: First Name Last Name Date of Birth Height (XmXX) Date of Birth  Upload your Scanned ID Photo (white background) and optional your Scanned Signature to www.anonf ...,0.864542102362205 BTC,World,,4.67/5,
Mike,Forgeries/Physical documents,Austrian National ID Card,When you order  please send me: First Name Last Name Date of Birth Address Height (XcmXX) Eye color Hair color  Upload your Scanned ID Photo (white background) and optional your Scanned Sign ...,0.8401999322047241 BTC,World,,4.67/5,
Mike,Forgeries/Physical documents,Swiss Drivers Licence,When you order  please send me: First Name Last Name Date of Birth  Upload your Scanned ID Photo (white background) and optional your Scanned Signature to www.anonfiles.com and send the links to ...,0.8039550232575758 BTC,World,,4.67/5,
namedeclined,Forgeries/Physical documents,♔ Forged Binghamton University Student ID ♔,This is a listing for a Binghamton University Student ID. This university is a private university in New York State. This forgery was created from a blank real Binghamton University ID card. The ID c ...,0.12650208367088603 BTC,USA,Worldwide,4.47/5,
FearTheReaper,Forgeries/Physical documents,Forged Doctor's Certificate - AU Only,For sale is one forged Australian Doctor's Certificate.  We have been using these high-quality certificates to get out of work for years  and now you can too.  We will create a custom certificate ...,0.05560649888888888 BTC,Australia,,~5/5,
DarkMark,Forgeries/Physical documents,Colorado Fake ID / All Security Features,--THE ID--  This is the current Colorado ID  complete with accurate optically variable shifting holograms  UV  ghost image  magnetic stripe  and 2D barcode.  --PRICE--  Our discounted ID sale w ...,0.20885250111111112 BTC,USA,,5.00/5,
ThreeKings,Forgeries/Physical documents,Lithuanian ID card SuperB quality,Lithuanian ID card suitable for travel with in EU this is a Superb version 1:1 no difference spot-able  custom data entered. after purchase i will give you the email  to witch send the data with  ...,2.8337901064062496 BTC,EU,,5.00/5,Average price may be skewed outliar > .5 BTC found
flawlessfakeids,Forgeries/Physical documents,Fake UK Driving Licence - 1:1 Bank Quality Replica,UK Fake Driving Licence  Description:  This UK Fake Driving Licence has been our top selling ID for more than 7 years running! This licence is the 1999-2007 style  and is valid and in circulation ...,1.2276725044274808 BTC,EU,Worldwide,5.00/5,Average price may be skewed outliar > .5 BTC found
RichPorter,Forgeries/Physical documents,Pennsylvania Driver's License,This listing is for (1) PA state DL. Passes in state. Holo/UV/ scannable. FE is required.  Please include the following when you order  First Name: Middle Name: Last Name: Birth date: New Jer ...,0.6722383033043475 BTC,,,4.92/5,
flawlessfakeids,Forgeries/Physical documents,Fake French National ID - 1:1 Bank Quality Replica,French Fake National ID Card  Description:  We are especially proud of our French National ID Card Replica  as we have gone to painstaking efforts to replicate its many advanced security features ...,1.9683790450381693 BTC,EU,Worldwide,5.00/5,Average price may be skewed outliar > .5 BTC found
flawlessfakeids,Forgeries/Physical documents,Fake California Drivers License - Holograms/UV/Swipes,California Fake Driving Licence  Description:  Our California License is the pre-2010 issue style license and is valid and in circulation until 2015. This ID a 1:1 replica and features golden hol ...,0.8524634400000004 BTC,EU,Worldwide,5.00/5,Average price may be skewed outliar > .5 BTC found
livinglarge,Forgeries/Physical documents,mia flight booking,"$2,244 ",7.714051094601773 BTC,,,5.00/5,Average price may be skewed outliar > .5 BTC found
only,Tobacco/Smoked,Doina King Size (10 packs x 20 cigarettes),Strength: Tar 15mg  Nicotine 1.2mg  Buy them smokes directly from the source (SR veterans since 2012).  We ship to the USA  Canada  all the Western Europe and pretty much everywhere except for Ge ...,0.11727980905172415 BTC,Ukraine,Worldwide,4.89/5,
only,Tobacco/Smoked,Pall Mall Blue Slims (10 packs x 20 cigarettes),Strength: Tar 7.0mg  Nicotine 0.6mg  Buy them smokes directly from the source (SR veterans since 2012).  We ship to the USA  Canada  all the Western Europe and pretty much everywhere except for G ...,0.13394084779661025 BTC,Ukraine,Worldwide,4.89/5,
ShopAgent,Tobacco/Smoked,One Million Black Cigarettes to USA and EU,CHEAPEST PRICE WITH SAME QUALITY IN AGORA SHOP.  ===PLEASE write to us what kind of cigarettes do you want to buy.===  In 1carton=10packs=200cigarettes.All cigarettes EU made.  ================ ...,0.09954102619565221 BTC,EU,Worldwide,4.96/5,
ShopAgent,Tobacco/Smoked,KARELIA OME Cheap Cigarettes to USA and EU,CHEAPEST PRICE WITH SAME QUALITY IN AGORA SHOP.  ===PLEASE write to us what kind of cigarettes do you want to buy.===  ===================================  ATTENTION  MINIMAL ORDER IS 2 CARTO ...,0.11494279744680855 BTC,EU,Worldwide,4.96/5,
only,Tobacco/Smoked,Glamour Super Slims Lilac  (10 packs x 20 cigarettes),Strength: Tar 5.0mg  Nicotine 0.5mg  Buy them smokes directly from the source (SR veterans since 2012).  We ship to the USA  Canada  all the Western Europe and pretty much everywhere except for G ...,0.1170737076923077 BTC,Ukraine,Worldwide,4.89/5,
only,Tobacco/Smoked,Plugarul Non Filter (10 packs x 20 cigarettes),Strength: Tar 18.0mg  Nicotine 1.3mg  Buy them smokes directly from the source (SR veterans since 2012).  We ship to the USA  Canada  all the Western Europe and pretty much everywhere except for  ...,0.100611508362069 BTC,Ukraine,Worldwide,4.89/5,
only,Tobacco/Smoked,L&M Silver Label (10 packs x 20 cigarettes),Strength: Tar 4.0mg  Nicotine 0.4mg  Buy them smokes directly from the source (SR veterans since 2012).  We ship to the USA  Canada  all the Western Europe and pretty much everywhere except for G ...,0.07696178333333333 BTC,Ukraine,Worldwide,4.89/5,
ShopAgent,Tobacco/Smoked,Treasurer London Luxury Black  Cheap Cigarettes to USA and EU,CHEAPEST PRICE WITH SAME QUALITY IN AGORA SHOP.    In 1carton=10packs=200cigarettes.All cigarettes EU made.  ===================================  ATTENTION    ============================ ...,0.281350289787234 BTC,EU,Worldwide,4.96/5,
only,Tobacco/Smoked,L&M Vibe Slims (10 packs x 20 cigarettes),Strength: Tar 5.0mg  Nicotine 0.6mg  Buy them smokes directly from the source (SR veterans since 2012).  We ship to the USA  Canada  all the Western Europe and pretty much everywhere except for G ...,0.13354602805084753 BTC,Ukraine,Worldwide,4.89/5,
only,Tobacco/Smoked,Leana Non Filter (10 packs x 20 cigarettes),Strength: Tar 13.0mg  Nicotine 1.1mg  Buy them smokes directly from the source (SR veterans since 2012).  We ship to the USA  Canada  all the Western Europe and pretty much everywhere except for  ...,0.08709627068965517 BTC,Ukraine,Worldwide,4.89/5,
ES-Light,Tobacco/Smoked,Apple Flavored 30ml bottle of E-Liquid,Enjoy your vaping experience with full flavor! 30ml will last about a month for someone who smokes a pack or two per day. Please specify which strength of nicotine you would like: 0mg  8mg  16mg  or  ...,0.028829884 BTC,USA,Worldwide,5.00/5,
ShopAgent,Tobacco/Smoked,Treasurer London Luxury Menthol Cheap Cigarettes to USA and EU,CHEAPEST PRICE WITH SAME QUALITY IN AGORA SHOP.    In 1carton=10packs=200cigarettes.All cigarettes EU made.  ===================================     Name;Nicotine;Tar;Box Type  Treasurer ...,0.28265018423913046 BTC,EU,Worldwide,4.96/5,
only,Tobacco/Smoked,Glamour Super Slims Menthol  (10 packs x 20 cigarettes),Strength: Tar 3.0mg  Nicotine 0.3mg  Buy them smokes directly from the source (SR veterans since 2012).  We ship to the USA  Canada  all the Western Europe and pretty much everywhere except for G ...,0.11746239932203391 BTC,Ukraine,Worldwide,4.89/5,
ShopAgent,Tobacco/Smoked,Captain Black Light Pipe Tobacco,CHEAPEST PRICE WITH PERFECT QUALITY IN AGORA SHOP  ===================================  ATTENTION  price for 12 x 42g pouch  504g total   Not everyone that smokes tobacco likes to do so with ...,0.3491399125274726 BTC,EU,Worldwide,4.96/5,
only,Tobacco/Smoked,Cigaronne Exclusive Slims Black (10 packs x 20 cigarettes),Strength: Tar 10mg  Nicotine 0.8mg  Buy them smokes directly from the source (SR veterans since 2012).  We ship to the USA  Canada  all the Western Europe and pretty much everywhere except for Ge ...,0.15081707362068958 BTC,Ukraine,Worldwide,4.89/5,
only,Tobacco/Smoked,Red & White Fine (10 packs x 20 cigarettes),Strength: Tar 4.0mg  Nicotine 0.4mg  Buy them smokes directly from the source (SR veterans since 2012).  We ship to the USA  Canada  all the Western Europe and pretty much everywhere except for G ...,0.11739969895652175 BTC,Ukraine,Worldwide,4.89/5,
only,Tobacco/Smoked,Glamour Super Slims Blossom Aroma (10 packs x 20 cigarettes),Strength: Tar 3.0mg  Nicotine 0.3mg  Buy them smokes directly from the source (SR veterans since 2012).  We ship to the USA  Canada  all the Western Europe and pretty much everywhere except for G ...,0.11661954907563025 BTC,Ukraine,Worldwide,4.89/5,
ShopAgent,Tobacco/Smoked,Marlboro Gold Touch  Cheap Cigarettes to USA and EU,CHEAPEST PRICE WITH SAME QUALITY IN AGORA SHOP.   In 1carton=10packs=200cigarettes.All cigarettes EU made.  =================================  ATTENTION  MINIMAL ORDER IS 2 CARTONS  ====== ...,0.13426527477272737 BTC,EU,,4.96/5,
ShopAgent,Tobacco/Smoked,Red&White Cheap Cigarettes to USA and EU,CHEAPEST PRICE WITH SAME QUALITY IN AGORA SHOP.  ===PLEASE write to us what kind of cigarettes do you want to buy.===  In 1carton=10packs=200cigarettes.All cigarettes EU made.  ================ ...,0.10644560773195878 BTC,EU,Worldwide,4.96/5,
only,Tobacco/Smoked,Marlboro Flavor Note (10 packs x 20 cigarettes),Strength: Tar 3.0mg  Nicotine 0.2mg  Buy them smokes directly from the source (SR veterans since 2012).  We ship to the USA  Canada  all the Western Europe and pretty much everywhere except for G ...,0.1508184154310345 BTC,Ukraine,Worldwide,4.89/5,
only,Tobacco/Smoked,Beverly Blue (10 packs x 20 cigarettes),Strength: Tar 7mg  Nicotine 0.6mg  Buy them smokes directly from the source (SR veterans since 2012).  We ship to the USA  Canada  all the Western Europe and pretty much everywhere except for Ger ...,0.11493533072580644 BTC,Ukraine,Worldwide,4.89/5,
only,Tobacco/Smoked,Lucky Strike Blue (10 packs x 20 cigarettes),Strength: Tar 7.0mg  Nicotine 0.6mg  Buy them smokes directly from the source (SR veterans since 2012).  We ship to the USA  Canada  all the Western Europe and pretty much everywhere except for G ...,0.13344082991379314 BTC,Ukraine,Worldwide,4.89/5,
only,Tobacco/Smoked,Winston Classic (10 packs x 20 cigarettes),Strength: Tar 8.0mg  Nicotine 0.7mg  Buy them smokes directly from the source (SR veterans since 2012).  We ship to the USA  Canada  all the Western Europe and pretty much everywhere except for G ...,0.13456933026086956 BTC,Ukraine,Worldwide,4.89/5,
only,Tobacco/Smoked,Winston Silver (10 packs x 20 cigarettes),Strength: Tar 4.0mg  Nicotine 0.4mg  Buy them smokes directly from the source (SR veterans since 2012).  We ship to the USA  Canada  all the Western Europe and pretty much everywhere except for G ...,0.13455385939130435 BTC,Ukraine,Worldwide,4.89/5,
only,Tobacco/Smoked,Lucky Strike Original Red (10 packs x 20 cigarettes),Strength: Tar 10.0mg  Nicotine 0.8mg  Buy them smokes directly from the source (SR veterans since 2012).  We ship to the USA  Canada  all the Western Europe and pretty much everywhere except for  ...,0.07311080599999999 BTC,Ukraine,Worldwide,4.89/5,
ShopAgent,Tobacco/Smoked,Camel Silver  Cheap Cigarettes to USA and EU,CHEAPEST PRICE WITH SAME QUALITY IN AGORA SHOP.  In 1carton=10packs=200cigarettes.All cigarettes EU made.  ===================================  ATTENTION  MINIMAL ORDER IS 2 CARTONS  ====== ...,0.12338460397727266 BTC,EU,,4.96/5,
ES-Light,Tobacco/Smoked,Tobacco Flavored 30ml bottle of E-Liquid,Enjoy your vaping experience with full flavor! 30ml will last about a month for someone who smokes a pack or two per day. Please specify which strength of nicotine you would like: 0mg  8mg  16mg  or  ...,0.028829884 BTC,USA,Worldwide,5.00/5,
ES-Light,Tobacco/Smoked,Camel Flavored 30ml bottle of E-Liquid,Enjoy your vaping experience with full flavor! 30ml will last about a month for someone who smokes a pack or two per day. Please specify which strength of nicotine you would like: 0mg  8mg  16mg  or  ...,0.028829884 BTC,USA,Worldwide,5.00/5,
only,Tobacco/Smoked,Chesterfield Blue (10 packs x 20 cigarettes),Strength: Tar 6mg  Nicotine 0.5mg  Buy them smokes directly from the source (SR veterans since 2012).  We ship to the USA  Canada  all the Western Europe and pretty much everywhere except for Ger ...,0.13276694058333346 BTC,Ukraine,Worldwide,4.89/5,
only,Tobacco/Smoked,Davidoff Blue (10 packs x 20 cigarettes),Strength: Tar 4mg  Nicotine 0.4mg  Buy them smokes directly from the source (SR veterans since 2012).  We ship to the USA  Canada  all the Western Europe and pretty much everywhere except for Ger ...,0.1505507052136751 BTC,Ukraine,Worldwide,4.89/5,
mikehamer,Tobacco/Smoked,DUNHILL TAX FREE CIGARETTES CHEAP CIGARETTES,FOR SALE ARE 1 CARTON/10 PACKS/200 CIGARETTES OF: DUNHILL FINE CUT BLUE DUNHILL FINE CUT SILVER   !!!PLEASE SPECIFY WHAT KIND YOU WANT WHEN YOU BOUGHT THIS ITEM!!!  !!!!!!!!!!!!!!!!PLEASE READ ...,0.15950664262626263 BTC,Torland,WORLDWIDE,5.00/5,
mikehamer,Tobacco/Smoked,DONSKOY TABAK TAX FREE CIGARETTES CHEAP CIGARETTES,FOR SALE ARE 1 CARTON/10 PACKS/200 CIGARETTES OF: DONSKOY TABAK DARK  DONSKOY TABAK BRIGHT  !!!PLEASE SPECIFY WHAT KIND YOU WANT WHEN YOU BOUGHT THIS ITEM!!!  !!!!!!!!!!!!!!!!PLEASE READ OUR TE ...,0.1010913587128713 BTC,Torland,,5.00/5,
mikehamer,Tobacco/Smoked,DAVIDOFF TAX FREE CIGARETTES CHEAP CIGARETTES,FOR SALE ARE 1 CARTON/10 PACKS/200 CIGARETTES OF: DAVIDOFF CLASSIC DAVIDOFF GOLD DAVIDOFF BLUE DAVIDOFF SLIMS GOLD DAVIDOFF SLIMS BLACK DAVIDOFF SLIMS BLUE DAVIDOFF SLIMS WHITE DAVIDOFF SUPER ...,0.14991177674603168 BTC,Torland,WORLDWIDE,5.00/5,
mikehamer,Tobacco/Smoked,BLOOD TAX FREE CIGARETTES CHEAP CIGARETTES,FOR SALE ARE 1 CARTON/10 PACKS/200 CIGARETTES OF: BLOOD RED BLOOD BLUE BLOOD GOLD  !!!PLEASE SPECIFY WHAT KIND YOU WANT WHEN YOU BOUGHT THIS ITEM!!!  !!!!!!!!!!!!!!!!PLEASE READ OUR TERMS/PROF ...,0.09731803750000001 BTC,Torland,WORLDWIDE,5.00/5,
mikehamer,Tobacco/Smoked,GEORGE KARELIAS & SONS TAX FREE CIGARETTES CHEAP CIGARETTES,FOR SALE ARE 1 CARTON/10 PACKS/200 CIGARETTES OF: GEORGE KARELIAS & SONS FILTER GEORGE KARELIAS & SONS LIGHT   !!!PLEASE SPECIFY WHAT KIND YOU WANT WHEN YOU BOUGHT THIS ITEM!!!  !!!!!!!!!!!!!! ...,0.16110638455999998 BTC,Torland,WORLDWIDE,5.00/5,
mikehamer,Tobacco/Smoked,PRIMA LUX TAX FREE CIGARETTES CHEAP CIGARETTES,FOR SALE ARE 1 CARTON/10 PACKS/200 CIGARETTES OF: PRIMA LUX RED PRIMA LUX BLUE PRIMA LUX GOLD PRIMA LUX SILVER PRIMA LUX SUPERSLIMS SELECTION Nr. 6 PRIMA LUX SUPERSLIMS SELECTION Nr. 4  !!!PL ...,0.10976158131147538 BTC,Torland,WORLDWIDE,5.00/5,
mikehamer,Tobacco/Smoked,CIGARONNE TAX FREE CIGARETTES CHEAP CIGARETTES,FOR SALE ARE 1 CARTON/10 PACKS/200 CIGARETTES OF: CIGARONNE EXCLUSIVE MINI BLACK(LIMITED STOCK) CIGARONNE EXCLUSIVE MINI WHITE(LIMITED STOCK) CIGARONNE EXCLUSIVE BLACK(LIMITED STOCK) CIGARONNE EX ...,0.16678581983739835 BTC,Torland,WORLDWIDE,5.00/5,
mikehamer,Tobacco/Smoked,MONTE CARLO TAX FREE CIGARETTES CHEAP CIGARETTES,FOR SALE ARE 1 CARTON/10 PACKS/200 CIGARETTES OF: MONTE CARLO RED MONTE CARLO BLUE MONTE CARLO SILVER MONTE CARLO WHITE MONTE CARLO SUPERSLIMS INTRIGUE MONTE CARLO SUPERSLIMS FANTASY  !!!PLEA ...,0.1258535592622951 BTC,Torland,WORLDWIDE,5.00/5,
mikehamer,Tobacco/Smoked,GALAXY TAX FREE CIGARETTES CHEAP CIGARETTES,FOR SALE ARE 1 CARTON/10 PACKS/200 CIGARETTES OF: GALAXY ASTATIUM GALAXY AURUM GALAXY ARGENTIUM  !!!PLEASE SPECIFY WHAT KIND YOU WANT WHEN YOU BOUGHT THIS ITEM!!!  !!!!!!!!!!!!!!!!PLEASE READ  ...,0.07461696803278688 BTC,Torland,WORLDWIDE,5.00/5,
mikehamer,Tobacco/Smoked,LEANA NON-FILTER TAX FREE CIGARETTES CHEAP CIGARETTES,FOR SALE ARE 1 CARTON/10 PACKS/200 CIGARETTES OF: LEANA NON-FILTER  !!!!!!!!!!!!!!!!PLEASE READ OUR TERMS/PROFILE BEFORE BUY!!!!!!!!!!!!!!!!  Cheap cigarettes  high quality   made in europe ciga ...,0.0921436493442623 BTC,Torland,,5.00/5,
mikehamer,Tobacco/Smoked,DOINA TAX FREE CIGARETTES CHEAP CIGARETTES,FOR SALE ARE 1 CARTON/10 PACKS/200 CIGARETTES OF: DOINA SOFT PACK DOINA PREMIUM GOLD   !!!PLEASE SPECIFY WHAT KIND YOU WANT WHEN YOU BOUGHT THIS ITEM!!!  !!!!!!!!!!!!!!!!PLEASE READ OUR TERMS/ ...,0.09526049480000003 BTC,Torland,WORLDWIDE,5.00/5,
mikehamer,Tobacco/Smoked,LD TAX FREE CIGARETTES CHEAP CIGARETTES,FOR SALE ARE 1 CARTON/10 PACKS/200 CIGARETTES OF: LD RED LD BLUE LD SILVER  !!!PLEASE SPECIFY WHAT KIND YOU WANT WHEN YOU BOUGHT THIS ITEM!!!  !!!!!!!!!!!!!!!!PLEASE READ OUR TERMS/PROFILE BEF ...,0.11384609214285712 BTC,Torland,WORLDWIDE,5.00/5,
mikehamer,Tobacco/Smoked,KENT TAX FREE CIGARETTES CHEAP CIGARETTES,FOR SALE ARE 1 CARTON/10 PACKS/200 CIGARETTES OF: KENT HD FUTURA 8 KENT HD NEO 4 KENT HD INFINIA 1 KENT NANOTEK NEO KENT NANOTEK INFINIA KENT CONVERTIBLES (MENTHOL)  !!!PLEASE SPECIFY WHAT KI ...,0.1417097613008132 BTC,Torland,WORLDWIDE,5.00/5,
mikehamer,Tobacco/Smoked,VOGUE TAX FREE CIGARETTES CHEAP CIGARETTES,FOR SALE ARE 1 CARTON/10 PACKS/200 CIGARETTES OF: VOGUE SUPERSLIMS BLEUE VOGUE SUPERSLIMS LILAS VOGUE SUPERSLIMS PLATINE VOGUE SUPERSLIMS MENTHE  !!!PLEASE SPECIFY WHAT KIND YOU WANT WHEN YOU B ...,0.1449373496 BTC,Torland,WORLDWIDE,5.00/5,
mikehamer,Tobacco/Smoked,GOLDEN GATE TAX FREE CIGARETTES CHEAP CIGARETTES,FOR SALE ARE 1 CARTON/10 PACKS/200 CIGARETTES OF: GOLDEN GATE BLUE  GOLDEN GATE RED(NOT IN STOCK)  !!!PLEASE SPECIFY WHAT KIND YOU WANT WHEN YOU BOUGHT THIS ITEM!!!  !!!!!!!!!!!!!!!!PLEASE READ ...,0.10314303749999994 BTC,Torland,WORLDWIDE,5.00/5,
mikehamer,Tobacco/Smoked,LUCKY STRIKE TAX FREE CIGARETTES CHEAP CIGARETTES,FOR SALE ARE 1 CARTON/10 PACKS/200 CIGARETTES OF: LUCKY STRIKE ORIGINAL RED LUCKY STRIKE BLUE LUCKY STRIKE CLICK & ROLL  !!!PLEASE SPECIFY WHAT KIND YOU WANT WHEN YOU BOUGHT THIS ITEM!!!  !!!! ...,0.12368865680000002 BTC,Torland,WORLDWIDE,5.00/5,
mikehamer,Tobacco/Smoked,BERATT TAX FREE CIGARETTES CHEAP CIGARETTES,FOR SALE ARE 1 CARTON/10 PACKS/200 CIGARETTES OF: BERATT XXL BERATT XL BERATT L  !!!PLEASE SPECIFY WHAT KIND YOU WANT WHEN YOU BOUGHT THIS ITEM!!!  !!!!!!!!!!!!!!!!PLEASE READ OUR TERMS/PROFIL ...,0.10022724222222222 BTC,Torland,WORLDWIDE,5.00/5,
mikehamer,Tobacco/Smoked,ROTHMANS TAX FREE CIGARETTES CHEAP CIGARETTES,FOR SALE ARE 1 CARTON/10 PACKS/200 CIGARETTES OF: ROTHMANS BLUE ROTHMANS SILVER  ROTHMANS SUPERSLIMS BLUE ROTHMANS SUPERSLIMS SILVER  !!!PLEASE SPECIFY WHAT KIND YOU WANT WHEN YOU BOUGHT THIS I ...,0.11444535276422763 BTC,Torland,WORLDWIDE,5.00/5,
mikehamer,Tobacco/Smoked,BOND TAX FREE CIGARETTES CHEAP CIGARETTES,FOR SALE ARE 1 CARTON/10 PACKS/200 CIGARETTES OF: BOND STREET CLASSIC BOND STREET SPECIAL BOND STREET FINE BOND STREET SUPER SLIMS GOLD BOND STREET SUPER SLIMS SILVER   !!!PLEASE SPECIFY WHAT ...,0.1131919731451613 BTC,Torland,WORLDWIDE,5.00/5,
mikehamer,Tobacco/Smoked,MARLBORO TAX FREE CIGARETTES CHEAP CIGARETTES,FOR SALE ARE 1 CARTON/10 PACKS/200 CIGARETTES OF: MARLBORO RED MARLBORO FILTER PLUS MARLBORO FLAVOR NOTE MARLBORO GOLD MARLBORO GOLD TOUCH MARLBORO FINE TOUCH MARLBORO RED POCKET SIZE MARLBOR ...,0.14241877056451616 BTC,Torland,,5.00/5,
mikehamer,Tobacco/Smoked,RICHMOND TAX FREE CIGARETTES CHEAP CIGARETTES,FOR SALE ARE 1 CARTON/10 PACKS/200 CIGARETTES OF: RICHMOND CHERRY RICHMOND CHERRY GOLD  !!!PLEASE SPECIFY WHAT KIND YOU WANT WHEN YOU BOUGHT THIS ITEM!!!  !!!!!!!!!!!!!!!!PLEASE READ OUR TERMS/ ...,0.23041922322580644 BTC,Torland,WORLDWIDE,5.00/5,
mikehamer,Tobacco/Smoked,CLASSIC TAX FREE CIGARETTES CHEAP CIGARETTES,FOR SALE ARE 1 CARTON/10 PACKS/200 CIGARETTES OF: CLASSIC RED CLASSIC BLUE CLASSIC SILVER CLASSIC SLIMS BLUE CLASSIC SLIMS SILVER  !!!PLEASE SPECIFY WHAT KIND YOU WANT WHEN YOU BOUGHT THIS ITE ...,0.10950961903225806 BTC,Torland,WORLDWIDE,5.00/5,
mikehamer,Tobacco/Smoked,HILTON TAX FREE CIGARETTES CHEAP CIGARETTES,FOR SALE ARE 1 CARTON/10 PACKS/200 CIGARETTES OF: HILTON GOLD HILTON PLATINUM HILTON SUPERSLIMS LILAC HILTON SUPERSLIMS WHITE  !!!PLEASE SPECIFY WHAT KIND YOU WANT WHEN YOU BOUGHT THIS ITEM!!!  ...,0.11008087936507936 BTC,Torland,WORLDWIDE,5.00/5,
mikehamer,Tobacco/Smoked,WEST TAX FREE CIGARETTES CHEAP CIGARETTES,FOR SALE ARE 1 CARTON/10 PACKS/200 CIGARETTES OF: WEST COMPACT RED WEST COMPACT SILVER  !!!PLEASE SPECIFY WHAT KIND YOU WANT WHEN YOU BOUGHT THIS ITEM!!!  !!!!!!!!!!!!!!!!PLEASE READ OUR TERMS/ ...,0.11376508543999998 BTC,Torland,WORLDWIDE,5.00/5,
mikehamer,Tobacco/Smoked,STYLE SUPERSLIMS TAX FREE CIGARETTES CHEAP CIGARETTES,FOR SALE ARE 1 CARTON/10 PACKS/200 CIGARETTES OF: STYLE BLEUE SUPERSLIMS STYLE ROSE SUPERSLIMS STYLE ONE SUPERSLIMS  !!!PLEASE SPECIFY WHAT KIND YOU WANT WHEN YOU BOUGHT THIS ITEM!!!  !!!!!!!! ...,0.11091470346774195 BTC,Torland,WORLDWIDE,5.00/5,
mikehamer,Tobacco/Smoked,PRESIDENT TAX FREE CIGARETTES CHEAP CIGARETTES,FOR SALE ARE 1 CARTON/10 PACKS/200 CIGARETTES OF: PRESIDENT CLASSIC STARS PRESIDENT SPECIAL STARS  !!!PLEASE SPECIFY WHAT KIND YOU WANT WHEN YOU BOUGHT THIS ITEM!!!  !!!!!!!!!!!!!!!!PLEASE READ ...,0.10246542141414135 BTC,Torland,WORLDWIDE,5.00/5,
mikehamer,Tobacco/Smoked,CHESTERFIELD TAX FREE CIGARETTES CHEAP CIGARETTES,FOR SALE ARE 1 CARTON/10 PACKS/200 CIGARETTES OF: CHESTERFIELD BLUE CHESTERFIELD BRONZE  !!!PLEASE SPECIFY WHAT KIND YOU WANT WHEN YOU BOUGHT THIS ITEM!!!  !!!!!!!!!!!!!!!!PLEASE READ OUR TERMS ...,0.12555612701612903 BTC,Torland,,5.00/5,
mikehamer,Tobacco/Smoked,WONT TAX FREE CIGARETTES CHEAP CIGARETTES,FOR SALE ARE 1 CARTON/10 PACKS/200 CIGARETTES OF: WONT RED AMERICAN BLEND WONT BLUE WONT SILVER  !!!PLEASE SPECIFY WHAT KIND YOU WANT WHEN YOU BOUGHT THIS ITEM!!!  !!!!!!!!!!!!!!!!PLEASE READ  ...,0.11653208838383837 BTC,Torland,WORLDWIDE,5.00/5,
mikehamer,Tobacco/Smoked,TEMP TAX FREE CIGARETTES CHEAP CIGARETTES,FOR SALE ARE 1 CARTON/10 PACKS/200 CIGARETTES OF: TEMP AMERICAN BLEND TEMP EXPORT  !!!PLEASE SPECIFY WHAT KIND YOU WANT WHEN YOU BOUGHT THIS ITEM!!!  !!!!!!!!!!!!!!!!PLEASE READ OUR TERMS/PROFI ...,0.1096751168548387 BTC,Torland,,5.00/5,
mikehamer,Tobacco/Smoked,PREFECT TAX FREE CIGARETTES CHEAP CIGARETTES,FOR SALE ARE 1 CARTON/10 PACKS/200 CIGARETTES OF: PREFECT  !!!!!!!!!!!!!!!!PLEASE READ OUR TERMS/PROFILE BEFORE BUY!!!!!!!!!!!!!!!!  Cheap cigarettes  high quality   made in europe cigarettes Ma ...,0.10424019118110235 BTC,Torland,WORLDWIDE,5.00/5,
only,Tobacco/Smoked,Marlboro Red (10 packs x 20 cigarettes),Strength: Tar 9.0mg  Nicotine 0.7mg  Buy them smokes directly from the source (SR veterans since 2012).  We ship to the USA  Canada  all the Western Europe and pretty much everywhere except for G ...,0.15083976567796611 BTC,Ukraine,Worldwide,4.89/5,
ShopAgent,Tobacco/Smoked,KARELIA Cheap Cigarettes to USA and EU,CHEAPEST PRICE WITH SAME QUALITY IN AGORA SHOP.  ===PLEASE write to us what kind of cigarettes do you want to buy.===  ===================================  ATTENTION  MINIMAL ORDER IS 2 CARTO ...,0.11159952265306122 BTC,EU,Worldwide,4.96/5,
only,Tobacco/Smoked,Red & White Superslims Fine (10 packs x 20 cigarettes),Strength: Tar 15.0mg  Nicotine 1.1mg  Buy them smokes directly from the source (SR veterans since 2012).  We ship to the USA  Canada  all the Western Europe and pretty much everywhere except for  ...,0.11768047639484983 BTC,Ukraine,Worldwide,4.89/5,
only,Tobacco/Smoked,Camel Filters (10 packs x 20 cigarettes),Strength: Tar 8mg  Nicotine 0.6mg  Buy them smokes directly from the source (SR veterans since 2012).  We ship to the USA  Canada  all the Western Europe and pretty much everywhere except for Ger ...,0.13333333940677972 BTC,Ukraine,Worldwide,4.89/5,
only,Tobacco/Smoked,Davidoff Black Slims (10 packs x 20 cigarettes),Strength: Tar 4mg  Nicotine 0.4mg  Buy them smokes directly from the source (SR veterans since 2012).  We ship to the USA  Canada  all the Western Europe and pretty much everywhere except for Ger ...,0.1502426210169491 BTC,Ukraine,Worldwide,4.89/5,
only,Tobacco/Smoked,Davidoff Gold (10 packs x 20 cigarettes),Strength: Tar 7mg  Nicotine 0.6mg  Buy them smokes directly from the source (SR veterans since 2012).  We ship to the USA  Canada  all the Western Europe and pretty much everywhere except for Ger ...,0.15016151228813557 BTC,Ukraine,Worldwide,4.89/5,
ShopAgent,Tobacco/Smoked,Richmond Empire Edition Cheap Cigarettes to USA and EU,CHEAPEST PRICE WITH SAME QUALITY IN AGORA SHOP.  ===PLEASE write to us what kind of cigarettes do you want to buy.===  In 1carton=10packs=200cigarettes.All cigarettes EU made.  ================ ...,0.20909300645161283 BTC,EU,Worldwide,4.96/5,
only,Tobacco/Smoked,Armada Red (10 packs x 20 cigarettes),Strength: Tar 9mg  Nicotine 0.6mg  Buy them smokes directly from the source (SR veterans since 2012).  We ship to the USA  Canada  all the Western Europe and pretty much everywhere except for Ger ...,0.11486252564516128 BTC,Ukraine,Worldwide,4.89/5,
only,Tobacco/Smoked,Parliament Super Slims (10 packs x 20 cigarettes),Strength: Tar 5.0mg  Nicotine 0.5mg  Buy them smokes directly from the source (SR veterans since 2012).  We ship to the USA  Canada  all the Western Europe and pretty much everywhere except for G ...,0.16043622094827598 BTC,Ukraine,Worldwide,4.89/5,
only,Tobacco/Smoked,Virginia Super Slims Premium Blue (10 packs x 20 cigarettes),Strength: Tar 3.0mg  Nicotine 0.3mg  Buy them smokes directly from the source (SR veterans since 2012).  We ship to the USA  Canada  all the Western Europe and pretty much everywhere except for G ...,0.13355644394957986 BTC,Ukraine,Worldwide,4.89/5,
only,Tobacco/Smoked,Red & White Special (10 packs x 20 cigarettes),Strength: Tar 8.0mg  Nicotine 0.7mg  Buy them smokes directly from the source (SR veterans since 2012).  We ship to the USA  Canada  all the Western Europe and pretty much everywhere except for G ...,0.11699085152542373 BTC,Ukraine,Worldwide,4.89/5,
ShopAgent,Tobacco/Smoked,Camel White Super Slims Cheap Cigarettes to USA and EU,CHEAPEST PRICE WITH SAME QUALITY IN AGORA SHOP.   In 1carton=10packs=200cigarettes.All cigarettes EU made.  ===================================  ATTENTION  MINIMAL ORDER IS 2 CARTONS  ==== ...,0.12284565811111103 BTC,EU,,4.96/5,
grimreaper,Tobacco/Smoked,5 x Joint,5 Pre Rolled Joints All rolled with G13 Haze  Golden Virginia Tobacco & Swan Silver Kingsize Rizla.  Stealth packed and ready for your festival or  any where you cant get out your stash and roll.,0.1062152775 BTC,UK,UK,5.00/5,
only,Tobacco/Smoked,Vogue Super Slims Lilas (10 packs x 20 cigarettes),Strength: Tar 4.0mg  Nicotine 0.5mg  Buy them smokes directly from the source (SR veterans since 2012).  We ship to the USA  Canada  all the Western Europe and pretty much everywhere except for G ...,0.13395511559322038 BTC,Ukraine,Worldwide,4.89/5,
ShopAgent,Tobacco/Smoked,Bond Cheap Cigarettes to USA and EU,CHEAPEST PRICE WITH SAME QUALITY IN AGORA SHOP.  ===PLEASE write to us what kind of cigarettes do you want to buy.===  In 1carton=10packs=200cigarettes.All cigarettes EU made.  ================ ...,0.08807062402061856 BTC,EU,Worldwide,4.96/5,
only,Tobacco/Smoked,Parliament Aqua Blue (10 packs x 20 cigarettes),Strength: Tar 6.0mg  Nicotine 0.5mg  Buy them smokes directly from the source (SR veterans since 2012).  We ship to the USA  Canada  all the Western Europe and pretty much everywhere except for G ...,0.16070331370689653 BTC,Ukraine,Worldwide,4.89/5,
ES-Light,Tobacco/Smoked,Flavored Disposable E hookah Pen Up to 800 puffs!!!,Purchase price is for one e hookah pen. One pen can last up to 800 puffs! Available flavors: Tobacco  Strawberry  Menthol  Cherry  and Apple. Please let me know which flavor you would like.  *This  ...,0.03023764618644068 BTC,USA,Worldwide,5.00/5,
ShopAgent,Tobacco/Smoked,Rothmans International  Cheap Cigarettes to USA and EU,CHEAPEST PRICE WITH SAME QUALITY IN AGORA SHOP.   In 1carton=10packs=200cigarettes.All cigarettes EU made.  ===================================  ATTENTION  MINIMAL ORDER IS 2 CARTONS  ==== ...,0.15078732173913034 BTC,EU,,4.96/5,
ShopAgent,Tobacco/Smoked,Bond Street Special Compacts Cheap Cigarettes to USA and EU,CHEAPEST PRICE WITH SAME QUALITY IN AGORA SHOP.   In 1carton=10packs=200cigarettes.All cigarettes EU made.  ===================================  ATTENTION  MINIMAL ORDER IS 2 CARTONS  ==== ...,0.11556809078651684 BTC,EU,,4.96/5,
only,Tobacco/Smoked,Cosmos King Size (10 packs x 20 cigarettes),Strength: Tar 16mg  Nicotine 1.2mg  Buy them smokes directly from the source (SR veterans since 2012).  We ship to the USA  Canada  all the Western Europe and pretty much everywhere except for Ge ...,0.10020785947368423 BTC,Ukraine,Worldwide,4.89/5,
only,Tobacco/Smoked,Dunhill Fine Cut Dark Blue (10 packs x 20 cigarettes),Strength: Tar 7mg  Nicotine 0.7mg  Buy them smokes directly from the source (SR veterans since 2012).  We ship to the USA  Canada  all the Western Europe and pretty much everywhere except for Ger ...,0.16084893881355933 BTC,Ukraine,Worldwide,4.89/5,
ShopAgent,Tobacco/Smoked,Marlboro Gold Accents Cheap Cigarettes to USA and EU,CHEAPEST PRICE WITH SAME QUALITY IN AGORA SHOP.   In 1carton=10packs=200cigarettes.All cigarettes EU made.  =================================  ATTENTION  MINIMAL ORDER IS 2 CARTONS  ====== ...,0.13375925725274718 BTC,EU,,4.96/5,
only,Tobacco/Smoked,Winston Blue (10 packs x 20 cigarettes),Strength: Tar 7.0mg  Nicotine 0.5mg  Buy them smokes directly from the source (SR veterans since 2012).  We ship to the USA  Canada  all the Western Europe and pretty much everywhere except for G ...,0.13344960798319336 BTC,Ukraine,Worldwide,4.89/5,
ShopAgent,Tobacco/Smoked,Camel Cheap Cigarettes to USA and EU,CHEAPEST PRICE WITH SAME QUALITY IN AGORA SHOP.  ===PLEASE write to us what kind of cigarettes do you want to buy.===  In 1carton=10packs=200cigarettes.All cigarettes EU made.  ================ ...,0.1199707782828282 BTC,EU,Worldwide,4.96/5,
ShopAgent,Tobacco/Smoked,Special Price: Captain Black Dark Crema Cigars (10  packs of 42 gr.),CHEAPEST PRICE WITH SAME QUALITY IN AGORA SHOP.  Brand name : Captain black-Tabac Category name : Cigars & Tobacco Short description : 10 packs of 42 gr.each pack Capacity : 42 GR X 6    ONL ...,0.21745750523809515 BTC,EU,Worldwide,4.96/5,
ShopAgent,Tobacco/Smoked,Rothmans of London Cigarettes to USA and EU,CHEAPEST PRICE WITH SAME QUALITY IN AGORA SHOP.  ===PLEASE write to us what kind of cigarettes do you want to buy.===  In 1carton=10packs=200cigarettes.All cigarettes EU made.  ================ ...,0.10725754586956522 BTC,EU,Worldwide,4.96/5,
ES-Light,Tobacco/Smoked,Lemonade Flavored 30ml bottle of E-Liquid 8mg of Nicotine,Enjoy your vaping experience with full flavor! 30ml will last about a month for someone who smokes a pack or two per day.  *Free shipping for multiple quantities or other items.,0.028822993 BTC,USA,Worldwide,5.00/5,
PsiloManufacture,Tobacco/Smoked,FEST 7 light Taste Cigarettes in web,Hi guys I'm new here but I can assure you that my services are at the highest level. My products as well.  I offer 10 packs = 200 Cigarettes FEST light  nicotine 0 6mg per cigarette tar 7mg per ...,0.045 BTC,EU,worldwide,4.93/5,
ShopAgent,Tobacco/Smoked,Bond Street Classic Selection Cheap Cigarettes to USA and EU,CHEAPEST PRICE WITH SAME QUALITY IN AGORA SHOP.   In 1carton=10packs=200cigarettes.All cigarettes EU made.  ===================================  ATTENTION  MINIMAL ORDER IS 2 CARTONS  ==== ...,0.1086735180681818 BTC,EU,,4.96/5,
ShopAgent,Tobacco/Smoked,R1 Cheap Cigarettes to USA and EU,CHEAPEST PRICE WITH PERFECT QUALITY IN AGORA SHOP.  ===PLEASE write to us what kind of cigarettes do you want to buy.===  1carton=10packs=200cigarettes.All cigarettes EU made.  ================ ...,0.1085875311340206 BTC,EU,Worldwide,4.96/5,
only,Tobacco/Smoked,Chesterfield Red (10 packs x 20 cigarettes),Strength: Tar 10mg  Nicotine 0.7mg  Buy them smokes directly from the source (SR veterans since 2012).  We ship to the USA  Canada  all the Western Europe and pretty much everywhere except for Ge ...,0.1334107491666667 BTC,Ukraine,Worldwide,4.89/5,
only,Tobacco/Smoked,Camel Silver (10 packs x 20 cigarettes),Strength: Tar 4mg  Nicotine 0.3mg  Buy them smokes directly from the source (SR veterans since 2012).  We ship to the USA  Canada  all the Western Europe and pretty much everywhere except for Ger ...,0.13338979850000005 BTC,Ukraine,Worldwide,4.89/5,
only,Tobacco/Smoked,Atis Blue (10 packs x 20 cigarettes),Strength: Tar 7mg  Nicotine 0.6mg  Buy them smokes directly from the source (SR veterans since 2012).  We ship to the USA  Canada  all the Western Europe and pretty much everywhere except for Ger ...,0.11513846910569105 BTC,Ukraine,Worldwide,4.89/5,
only,Tobacco/Smoked,Kiss Superslims Dream (10 packs x 20 cigarettes),Strength: Tar 5.0mg  Nicotine 0.6mg  Buy them smokes directly from the source (SR veterans since 2012).  We ship to the USA  Canada  all the Western Europe and pretty much everywhere except for G ...,0.13325024085470083 BTC,Ukraine,Worldwide,4.89/5,
only,Tobacco/Smoked,Kent HD 4 (10 packs x 20 cigarettes),Strength: Tar 4.0mg  Nicotine 0.3mg  Buy them smokes directly from the source (SR veterans since 2012).  We ship to the USA  Canada  all the Western Europe and pretty much everywhere except for G ...,0.15030774817391318 BTC,Ukraine,Worldwide,4.89/5,
only,Tobacco/Smoked,Winston XSence Silver (10 packs x 20 cigarettes),Strength: Tar 4.0mg  Nicotine 0.4mg  Buy them smokes directly from the source (SR veterans since 2012).  We ship to the USA  Canada  all the Western Europe and pretty much everywhere except for G ...,0.13417953385964906 BTC,Ukraine,Worldwide,4.89/5,
only,Tobacco/Smoked,Prima Lux Superslims Selection n.4 (10 packs x 20 cigarettes),Strength: Tar 4.0mg  Nicotine 0.4mg  Buy them smokes directly from the source (SR veterans since 2012).  We ship to the USA  Canada  all the Western Europe and pretty much everywhere except for G ...,0.1176757545762712 BTC,Ukraine,Worldwide,4.89/5,
ES-Light,Tobacco/Smoked,5 Pack Top Shelf Quality 10ml bottles of E-Liquid 16mg of Nicotine 10 Flavors to choose from!,Top Shelf Quality E-Liquid for your liquid oil vaporizer! Purchase price is for five 10ml bottles. Available flavors: Tobacco  Lemon  Rootbeer Float  Apple  Orange  Cinnamon  Mint  Cherry  Fruit Mix  ...,0.10059020758620689 BTC,USA,Worldwide,5.00/5,
ShopAgent,Tobacco/Smoked,Special Price: Captain Black Cherise Cigars (10  packs of 42 gr.),CHEAPEST PRICE WITH SAME QUALITY IN AGORA SHOP.  Brand name : Captain black-Tabac Category name : Cigars & Tobacco Short description : 10 packs of 42 gr.each pack Capacity : 42 GR X 6    ONL ...,0.22068505857142856 BTC,EU,Worldwide,4.96/5,
only,Tobacco/Smoked,L&M Slims Blu 83 (10 packs x 20 cigarettes),Strength: Tar 3.0mg  Nicotine 0.3mg  Buy them smokes directly from the source (SR veterans since 2012).  We ship to the USA  Canada  all the Western Europe and pretty much everywhere except for G ...,0.13406497206896553 BTC,Ukraine,Worldwide,4.89/5,
only,Tobacco/Smoked,Vogue Super Slims Platine (10 packs x 20 cigarettes),Strength: Tar 1.0mg  Nicotine 0.1mg  Buy them smokes directly from the source (SR veterans since 2012).  We ship to the USA  Canada  all the Western Europe and pretty much everywhere except for G ...,0.13457053330434784 BTC,Ukraine,Worldwide,4.89/5,
ShopAgent,Tobacco/Smoked,ESSE Cheap Cigarettes to USA and EU,CHEAPEST PRICE WITH PERFECT QUALITY IN AGORA SHOP.  1carton=10packs=200cigarettes.All cigarettes EU made  ===================================  ATTENTION  MINIMAL ORDER IS 2 CARTONS  ======= ...,0.1198851122916667 BTC,EU,Worldwide,4.96/5,
ShopAgent,Tobacco/Smoked,Special Price: Captain Black Classic Cigars  (10  packs of 42 gr.),CHEAPEST PRICE WITH SAME QUALITY IN AGORA SHOP.  Brand name : Captain black-Tabac Category name : Cigars & Tobacco Short description : 10 packs of 42 gr.each pack Capacity : 42 GR X 6    ONL ...,0.2174789433333333 BTC,EU,Worldwide,4.96/5,
ShopAgent,Tobacco/Smoked,Parliament Cheap Cigarettes to USA and EU,CHEAPEST PRICE WITH PERFECT QUALITY IN AGORA SHOP.  ===PLEASE write to us what kind of cigarettes do you want to buy.===  1carton=10packs=200cigarettes.All cigarettes EU made.  ================ ...,0.14564909123711345 BTC,EU,Worldwide,4.96/5,
only,Tobacco/Smoked,Bond Street Light (10 packs x 20 cigarettes),Strength: Tar 4mg  Nicotine 0.4mg  Buy them smokes directly from the source (SR veterans since 2012).  We ship to the USA  Canada  all the Western Europe and pretty much everywhere except for Ger ...,0.11478686544715447 BTC,Ukraine,Worldwide,4.89/5,
ShopAgent,Tobacco/Smoked,Winston Cheap Cigarettes to USA and EU,CHEAPEST PRICE WITH SAME QUALITY IN AGORA SHOP.  ===PLEASE write to us what kind of cigarettes do you want to buy.===  In 1carton=10packs=200cigarettes.All cigarettes EU made.  ================ ...,0.11485260020202023 BTC,EU,Worldwide,4.96/5,
only,Tobacco/Smoked,Classic Blue (10 packs x 20 cigarettes),Strength: Tar 8mg  Nicotine 0.6mg  Buy them smokes directly from the source (SR veterans since 2012).  We ship to the USA  Canada  all the Western Europe and pretty much everywhere except for Ger ...,0.11706138837606839 BTC,Ukraine,Worldwide,4.89/5,
ShopAgent,Tobacco/Smoked,KENT Cheap Cigarettes to USA and EU,CHEAPEST PRICE WITH PERFECT QUALITY IN AGORA SHOP.  ===PLEASE write to us what kind of cigarettes do you want to buy.===  1carton=10packs=200cigarettes.All cigarettes EU made.  ================ ...,0.12717511836734702 BTC,EU,Worldwide,4.96/5,
only,Tobacco/Smoked,Karelia Slims (10 packs x 20 cigarettes),Strength: Tar 6.0mg  Nicotine 0.6mg  Buy them smokes directly from the source (SR veterans since 2012).  We ship to the USA  Canada  all the Western Europe and pretty much everywhere except for G ...,0.13377691666666675 BTC,Ukraine,Worldwide,4.89/5,
ShopAgent,Tobacco/Smoked,Marlboro Gold Edge Cheap Cigarettes to USA and EU,CHEAPEST PRICE WITH SAME QUALITY IN AGORA SHOP.   In 1carton=10packs=200cigarettes.All cigarettes EU made.  =================================  ATTENTION  MINIMAL ORDER IS 2 CARTONS  ====== ...,0.13425512590909092 BTC,EU,,4.96/5,
ShopAgent,Tobacco/Smoked,Brilliant Cheap Cigarettes to USA and EU,CHEAPEST PRICE WITH SAME QUALITY IN AGORA SHOP.  ===PLEASE write to us what kind of cigarettes do you want to buy.===  In 1carton=10packs=200cigarettes.All cigarettes EU made.  ================ ...,0.09794228186813189 BTC,EU,Worldwide,4.96/5,
only,Tobacco/Smoked,Monte Carlo Blue (10 packs x 20 cigarettes),Strength: Tar 8.0mg  Nicotine 0.6mg  Buy them smokes directly from the source (SR veterans since 2012).  We ship to the USA  Canada  all the Western Europe and pretty much everywhere except for G ...,0.13427563637931034 BTC,Ukraine,Worldwide,4.89/5,
ShopAgent,Tobacco/Smoked,Camel White mini Cheap Cigarettes to USA and EU,CHEAPEST PRICE WITH SAME QUALITY IN AGORA SHOP.   In 1carton=10packs=200cigarettes.All cigarettes EU made.  ===================================  ATTENTION  MINIMAL ORDER IS 2 CARTONS  ==== ...,0.12261571314606735 BTC,EU,,4.96/5,
only,Tobacco/Smoked,Classic Slims Silver (10 packs x 20 cigarettes),Strength: Tar 4mg  Nicotine 0.4mg  Buy them smokes directly from the source (SR veterans since 2012).  We ship to the USA  Canada  all the Western Europe and pretty much everywhere except for Ger ...,0.11746239932203391 BTC,Ukraine,Worldwide,4.89/5,
only,Tobacco/Smoked,Chesterfield Bronze (10 packs x 20 cigarettes),Strength: Tar 4mg  Nicotine 0.4mg  Buy them smokes directly from the source (SR veterans since 2012).  We ship to the USA  Canada  all the Western Europe and pretty much everywhere except for Ger ...,0.13322620216666675 BTC,Ukraine,Worldwide,4.89/5,
ShopAgent,Tobacco/Smoked,One Million White Cigarettes to USA and EU,CHEAPEST PRICE WITH SAME QUALITY IN AGORA SHOP.    In 1carton=10packs=200cigarettes.All cigarettes EU made.  ===================================  ATTENTION  MINIMAL ORDER IS 2 CARTONS  == ...,0.09950611967391307 BTC,EU,Worldwide,4.96/5,
only,Tobacco/Smoked,Bond Street Red (10 packs x 20 cigarettes),Strength: Tar 10mg  Nicotine 0.8mg  Buy them smokes directly from the source (SR veterans since 2012).  We ship to the USA  Canada  all the Western Europe and pretty much everywhere except for Ge ...,0.11488839032258064 BTC,Ukraine,Worldwide,4.89/5,
ES-Light,Tobacco/Smoked,Top Shelf Quality 10ml bottle of E-Liquid 16mg of Nicotine 10 Flavors to choose from!,Top Shelf Quality E-Liquid for your liquid oil vaporizer! Available flavors:Tobacco  Lemon  Rootbeer Float  Apple  Orange  Cinnamon  Mint  Cherry  Fruit Mix  and Beer. Please let me know which flavor ...,0.026862667627118638 BTC,USA,Worldwide,5.00/5,
ShopAgent,Tobacco/Smoked,Camel Black mini Cheap Cigarettes to USA and EU,CHEAPEST PRICE WITH SAME QUALITY IN AGORA SHOP.   In 1carton=10packs=200cigarettes.All cigarettes EU made.  ===================================  ATTENTION  MINIMAL ORDER IS 2 CARTONS  ==== ...,0.12302691911111104 BTC,EU,,4.96/5,
mikehamer,Tobacco/Smoked,PARLIAMENT TAX FREE CIGARETTES CHEAP CIGARETTES,FOR SALE ARE 1 CARTON/10 PACKS/200 CIGARETTES OF: PARLIAMENT NIGHT BLUE PARLIAMENT AQUA BLUE PARLIAMENT ONE PARLIAMENT SUPERSLIMS PARLIAMENT RESERVE SLIMS PARLIAMENT SILVER BLUE  !!!PLEASE SP ...,0.17133212447999993 BTC,Torland,WORLDWIDE,5.00/5,
mikehamer,Tobacco/Smoked,COSMOS TAX FREE CIGARETTES CHEAP CIGARETTES,FOR SALE ARE 1 CARTON/10 PACKS/200 CIGARETTES OF: COSMOS  !!!!!!!!!!!!!!!!PLEASE READ OUR TERMS/PROFILE BEFORE BUY!!!!!!!!!!!!!!!!  Cheap cigarettes  high quality   made in europe cigarettes Man ...,0.10190209395161284 BTC,Torland,WORLDWIDE,5.00/5,
mikehamer,Tobacco/Smoked,WINSTON TAX FREE CIGARETTES CHEAP CIGARETTES,FOR SALE ARE 1 CARTON/10 PACKS/200 CIGARETTES OF: WINSTON RED WINSTON BLUE WINSTON SILVER WINSTON WHITE WINSTON XS NANO BLUE WINSTON SUPERSLIMS BLUE WINSTON X SENCE SILVER WINSTON SUPERSLIMS  ...,0.12501198135999997 BTC,Torland,WORLDWIDE,5.00/5,
mikehamer,Tobacco/Smoked,KISS SUPER SLIMS TAX FREE CIGARETTES CHEAP CIGARETTES,FOR SALE ARE 1 CARTON/10 PACKS/200 CIGARETTES OF: KISS SUPER SLIMS DREAM KISS SUPER SLIMS ENERGY KISS SUPER SLIMS FRESH APPLE KISS SUPER SLIMS STRAWBERRY KISS SUPER SLIMS ROMANTIC KISS SUPER SL ...,0.1254809529508197 BTC,Torland,,5.00/5,
mikehamer,Tobacco/Smoked,RED&WHITE TAX FREE CIGARETTES CHEAP CIGARETTES,FOR SALE ARE 1 CARTON/10 PACKS/200 CIGARETTES OF: RED&WHITE AMERICAN BLEND RED&WHITE SPECIAL RED&WHITE FINE RED&WHITE SUPERSLIMS SPECIAL RED&WHITE SUPERSLIMS RICH RED&WHITE SUPERSLIMS FINE RED ...,0.11063440047999998 BTC,Torland,WORLDWIDE,5.00/5,
mikehamer,Tobacco/Smoked,KARELIA SLIMS TAX FREE CIGARETTES CHEAP CIGARETTES,FOR SALE ARE 1 CARTON/10 PACKS/200 CIGARETTES OF: KARELIA SLIMS KARELIA BLUE KARELIA CREAM KARELIA MENTHOL  !!!PLEASE SPECIFY WHAT KIND YOU WANT WHEN YOU BOUGHT THIS ITEM!!!  !!!!!!!!!!!!!!!! ...,0.12631644260162608 BTC,Torland,WORLDWIDE,5.00/5,
mikehamer,Tobacco/Smoked,L&M TAX FREE CIGARETTES CHEAP CIGARETTES,FOR SALE ARE 1 CARTON/10 PACKS/200 CIGARETTES OF: L & M RED LABEL L & M BLUE LABEL L & M SILVER LABEL L & M VIBE SLIMS L & M MIXX SLIMS L & M SUPER SLIMS BLUE L & M SUPER SLIMS GREY  !!!PLEA ...,0.12687035555555556 BTC,Torland,WORLDWIDE,5.00/5,
mikehamer,Tobacco/Smoked,OK TAX FREE CIGARETTES CHEAP CIGARETTES,FOR SALE ARE 1 CARTON/10 PACKS/200 CIGARETTES OF: OK BLACK OK BLUE  !!!PLEASE SPECIFY WHAT KIND YOU WANT WHEN YOU BOUGHT THIS ITEM!!! !!!!!!!!!!!!!!!!PLEASE READ OUR TERMS/PROFILE BEFORE BUY!!!! ...,0.1008823498095238 BTC,Torland,WORLDWIDE,5.00/5,
mikehamer,Tobacco/Smoked,VIRGINIA SUPERSLIMS TAX FREE CIGARETTES CHEAP CIGARETTES,FOR SALE ARE 1 CARTON/10 PACKS/200 CIGARETTES OF: VIRGINIA SUPERSLIMS PREMIUM VIRGINIA SUPERSLIMS PREMIUM BLUE VIRGINIA SUPERSLIMS PREMIUM ONE  !!!PLEASE SPECIFY WHAT KIND YOU WANT WHEN YOU BOUG ...,0.14132864629032246 BTC,Torland,WORLDWIDE,5.00/5,
mikehamer,Tobacco/Smoked,GLAMOUR TAX FREE CIGARETTES CHEAP CIGARETTES,FOR SALE ARE 1 CARTON/10 PACKS/200 CIGARETTES OF: GLAMOUR SUPER SLIMS LILAC GLAMOUR SUPER SLIMS AZURE GLAMOUR SUPER SLIMS AMBER GLAMOUR SUPER SLIMS MENTHOL  !!!PLEASE SPECIFY WHAT KIND YOU WANT ...,0.11579132785714287 BTC,Torland,WORLDWIDE,5.00/5,
only,Tobacco/Smoked,Atis Red (10 packs x 20 cigarettes),Strength: Tar 9mg  Nicotine 0.8mg  Buy them smokes directly from the source (SR veterans since 2012).  We ship to the USA  Canada  all the Western Europe and pretty much everywhere except for Ger ...,0.11482774677419354 BTC,Ukraine,Worldwide,4.89/5,
ShopAgent,Tobacco/Smoked,LUCKY STRIKE Cheap Cigarettes to USA and EU,CHEAPEST PRICE WITH SAME QUALITY IN AGORA SHOP.  ===PLEASE write to us what kind of cigarettes do you want to buy.===  In 1carton=10packs=200cigarettes.All cigarettes EU made.  ================ ...,0.07732914133333332 BTC,EU,,4.96/5,
only,Tobacco/Smoked,Kiss Superslims Menthol (10 packs x 20 cigarettes),Strength: Tar 5.0mg  Nicotine 0.6mg  Buy them smokes directly from the source (SR veterans since 2012).  We ship to the USA  Canada  all the Western Europe and pretty much everywhere except for G ...,0.13324986435897443 BTC,Ukraine,Worldwide,4.89/5,
only,Tobacco/Smoked,Karelia Slims Menthol (10 packs x 20 cigarettes),Strength: Tar 3.0mg  Nicotine 0.3mg  Buy them smokes directly from the source (SR veterans since 2012).  We ship to the USA  Canada  all the Western Europe and pretty much everywhere except for G ...,0.13389597745762713 BTC,Ukraine,Worldwide,4.89/5,
ES-Light,Tobacco/Smoked,Top Shelf Quality E-Liquid 10ml bottle 0mg of Nicotine 10 Flavors to choose from!,Top Shelf Quality E-Liquid for your liquid oil vaporizer! Available flavors:Tobacco  Grape  Pineapple  Lemon  Beer  Fruit Mix  Cherry  Mint  Strawberry  and Orange. Please let me know which flavor yo ...,0.026882679914529896 BTC,USA,Worldwide,5.00/5,
b1g1mpact,Tobacco/Smoked,28g / 1oz - Mapacho (N.Rustica) 9x stronger than normal tobacco,Full product description to follow  when I can get back in to SR.  -----------------------------------------------------  Mapacho is traditional ritual tobacco. It is the strongest in the world   ...,0.07423329232558144 BTC,Poland,,4.99/5,
only,Tobacco/Smoked,Nistru Non Filter (10 packs x 20 cigarettes),Strength: Tar 16.0mg  Nicotine 1.3mg  Buy them smokes directly from the source (SR veterans since 2012).  We ship to the USA  Canada  all the Western Europe and pretty much everywhere except for  ...,0.10090264747826089 BTC,Ukraine,Worldwide,4.89/5,
ShopAgent,Tobacco/Smoked,Marlboro Gold Fine Touch Cheap Cigarettes to USA and EU,CHEAPEST PRICE WITH SAME QUALITY IN AGORA SHOP.  In 1carton=10packs=200cigarettes.All cigarettes EU made.  =================================  ATTENTION  MINIMAL ORDER IS 2 CARTONS  ======== ...,0.13480287788888892 BTC,EU,,4.96/5,
only,Tobacco/Smoked,Temp American Blend (10 packs x 20 cigarettes),Strength: Tar 15.0mg  Nicotine 1.1mg  Buy them smokes directly from the source (SR veterans since 2012).  We ship to the USA  Canada  all the Western Europe and pretty much everywhere except for  ...,0.11723914017391306 BTC,Ukraine,Worldwide,4.89/5,
ShopAgent,Tobacco/Smoked,Bond Street River Blue SuperSlims Cheap Cigarettes to USA and EU,CHEAPEST PRICE WITH SAME QUALITY IN AGORA SHOP.  ===PLEASE write to us what kind of cigarettes do you want to buy.===  In 1carton=10packs=200cigarettes.All cigarettes EU made.  ================ ...,0.10927407599999998 BTC,EU,,4.96/5,
ShopAgent,Tobacco/Smoked,Bond Street Fine Silver SuperSlims Cheap Cigarettes to USA and EU,CHEAPEST PRICE WITH SAME QUALITY IN AGORA SHOP.   In 1carton=10packs=200cigarettes.All cigarettes EU made.  ===================================  ATTENTION  MINIMAL ORDER IS 2 CARTONS  ==== ...,0.10938452193181815 BTC,EU,,4.96/5,
only,Tobacco/Smoked,Winston Super Slims Silver (10 packs x 20 cigarettes),Strength: Tar 3.0mg  Nicotine 0.3mg  Buy them smokes directly from the source (SR veterans since 2012).  We ship to the USA  Canada  all the Western Europe and pretty much everywhere except for G ...,0.13399336269565218 BTC,Ukraine,Worldwide,4.89/5,
only,Tobacco/Smoked,Prima Lux Superslims Selection n.6 (10 packs x 20 cigarettes),Strength: Tar 6.0mg  Nicotine 0.6mg  Buy them smokes directly from the source (SR veterans since 2012).  We ship to the USA  Canada  all the Western Europe and pretty much everywhere except for G ...,0.11689981859649123 BTC,Ukraine,Worldwide,4.89/5,
ES-Light,Tobacco/Smoked,Blueberry Flavored 30ml bottle of E-Liquid,Enjoy your vaping experience with full flavor! 30ml will last about a month for someone who smokes a pack or two per day. Please specify which strength of nicotine you would like: 0mg  8mg  16mg  or  ...,0.028829884 BTC,USA,Worldwide,5.00/5,
only,Tobacco/Smoked,Vogue Super Slims Bleue (10 packs x 20 cigarettes),Strength: Tar 7.0mg  Nicotine 0.7mg  Buy them smokes directly from the source (SR veterans since 2012).  We ship to the USA  Canada  all the Western Europe and pretty much everywhere except for G ...,0.1340360058119659 BTC,Ukraine,Worldwide,4.89/5,
only,Tobacco/Smoked,Marlboro Gold Fine Touch (10 packs x 20 cigarettes),Strength: Tar 4.0mg  Nicotine 0.4mg  Buy them smokes directly from the source (SR veterans since 2012).  We ship to the USA  Canada  all the Western Europe and pretty much everywhere except for G ...,0.15052652940170935 BTC,Ukraine,Worldwide,4.89/5,
only,Tobacco/Smoked,Armada Blue (10 packs x 20 cigarettes),Strength: Tar 8mg  Nicotine 0.4mg  Buy them smokes directly from the source (SR veterans since 2012).  We ship to the USA  Canada  all the Western Europe and pretty much everywhere except for Ger ...,0.11507533169354837 BTC,Ukraine,Worldwide,4.89/5,
only,Tobacco/Smoked,Astru Non Filter (10 packs x 20 cigarettes),Strength: Tar 16mg  Nicotine 1.3mg - strong unfiltered cigarettes.  Buy them smokes directly from the source (SR veterans since 2012).  We ship to the USA  Canada  all the Western Europe and pret ...,0.08203200687999997 BTC,Ukraine,Worldwide,4.89/5,
only,Tobacco/Smoked,Classic Red (10 packs x 20 cigarettes),Strength: Tar 12mg  Nicotine 0.8mg  Buy them smokes directly from the source (SR veterans since 2012).  We ship to the USA  Canada  all the Western Europe and pretty much everywhere except for Ge ...,0.1166204494117647 BTC,Ukraine,Worldwide,4.89/5,
ShopAgent,Tobacco/Smoked,Camel Blue Cheap Cigarettes to USA and EU,CHEAPEST PRICE WITH SAME QUALITY IN AGORA SHOP.   In 1carton=10packs=200cigarettes.All cigarettes EU made.  ===================================  ATTENTION  MINIMAL ORDER IS 2 CARTONS  ==== ...,0.12332418022222215 BTC,EU,,4.96/5,
ShopAgent,Tobacco/Smoked,Monte Carlo Cheap Cigarettes to USA and EU,CHEAPEST PRICE WITH SAME QUALITY IN AGORA SHOP.  ===PLEASE write to us what kind of cigarettes do you want to buy.===  In 1carton=10packs=200cigarettes.All cigarettes EU made.  ================ ...,0.0791744651515151 BTC,EU,Worldwide,4.96/5,
ShopAgent,Tobacco/Smoked,Marlboro Flavor Plus Cheap Cigarettes to USA and EU,CHEAPEST PRICE WITH SAME QUALITY IN AGORA SHOP.   In 1carton=10packs=200cigarettes.All cigarettes EU made.  ===================================  ATTENTION  MINIMAL ORDER IS 2 CARTONS  ==== ...,0.1333490824731183 BTC,EU,Worldwide,4.96/5,
only,Tobacco/Smoked,Davidoff Slims Gold (10 packs x 20 cigarettes),Strength: Tar 7mg  Nicotine 0.6mg  Buy them smokes directly from the source (SR veterans since 2012).  We ship to the USA  Canada  all the Western Europe and pretty much everywhere except for Ger ...,0.15081707362068958 BTC,Ukraine,Worldwide,4.89/5,
ShopAgent,Tobacco/Smoked,West Cheap Cigarettes to USA and EU,CHEAPEST PRICE WITH SAME QUALITY IN AGORA SHOP.  ===PLEASE write to us what kind of cigarettes do you want to buy.===  In 1carton=10packs=200cigarettes.All cigarettes EU made.  ================ ...,0.10387983846938774 BTC,EU,Worldwide,4.96/5,
ShopAgent,Tobacco/Smoked,Davidoff Cheap Cigarettes to USA and EU,CHEAPEST PRICE WITH PERFECT QUALITY IN AGORA SHOP.   1carton=10packs=200cigarettes.All cigarettes EU made  ===================================  ATTENTION  MINIMAL ORDER IS 2 CARTONS  ===== ...,0.1367375805050505 BTC,EU,Worldwide,4.96/5,
ShopAgent,Tobacco/Smoked,Marlboro Cheap Cigarettes to USA and EU,CHEAPEST PRICE WITH SAME QUALITY IN AGORA SHOP.  ===PLEASE write to us what kind of cigarettes do you want to buy.===  In 1carton=10packs=200cigarettes.All cigarettes EU made.  ================ ...,0.13198244142857093 BTC,EU,Worldwide,4.96/5,
only,Tobacco/Smoked,Marlboro Gold Edge (10 packs x 20 cigarettes),Strength: Tar 4.0mg  Nicotine 0.3mg  Buy them smokes directly from the source (SR veterans since 2012).  We ship to the USA  Canada  all the Western Europe and pretty much everywhere except for G ...,0.14976605566666665 BTC,Ukraine,Worldwide,4.89/5,
ShopAgent,Tobacco/Smoked,Vogue Cheap Cigarettes to USA and EU,CHEAPEST PRICE WITH SAME QUALITY IN AGORA SHOP.  ===PLEASE write to us what kind of cigarettes do you want to buy.===  In 1carton=10packs=200cigarettes.All cigarettes EU made.  ================ ...,0.11794460826530608 BTC,EU,Worldwide,4.96/5,
ShopAgent,Tobacco/Smoked,Richmond Cheap Cigarettes to USA and EU,CHEAPEST PRICE WITH PERFECT QUALITY IN AGORA SHOP.   1carton=10packs=200cigarettes.All cigarettes EU made.  ===PLEASE write to us what kind of cigarettes do you want to buy.===  ============== ...,0.14961092195876288 BTC,EU,Worldwide,4.96/5,
only,Tobacco/Smoked,Marlboro Gold Touch (10 packs x 20 cigarettes),Strength: Tar 6.0mg  Nicotine 0.5mg  Buy them smokes directly from the source (SR veterans since 2012).  We ship to the USA  Canada  all the Western Europe and pretty much everywhere except for G ...,0.15055580410256422 BTC,Ukraine,Worldwide,4.89/5,
only,Tobacco/Smoked,Prima Lux Silver (10 packs x 20 cigarettes),Strength: Tar 2.0mg  Nicotine 0.2mg  Buy them smokes directly from the source (SR veterans since 2012).  We ship to the USA  Canada  all the Western Europe and pretty much everywhere except for G ...,0.11798883637931036 BTC,Ukraine,Worldwide,4.89/5,
ShopAgent,Tobacco/Smoked,Camel Black  Cheap Cigarettes to USA and EU,CHEAPEST PRICE WITH SAME QUALITY IN AGORA SHOP.   In 1carton=10packs=200cigarettes.All cigarettes EU made.  ===================================  ATTENTION  MINIMAL ORDER IS 2 CARTONS  ==== ...,0.12324246483516475 BTC,EU,,4.96/5,
ShopAgent,Tobacco/Smoked,Chesterfield Cheap Cigarettes to USA and EU,CHEAPEST PRICE WITH SAME QUALITY IN AGORA SHOP.   In 1carton=10packs=200cigarettes.All cigarettes EU made.  ===================================  ATTENTION  MINIMAL ORDER IS 2 CARTONS  ==== ...,0.11533066969696973 BTC,EU,Worldwide,4.96/5,
